CustomerID,Name,Age,Gender,Email,Phone,PurchaseAmount,PurchaseDate,ProductCategory,Rating,Unnamed,  Gender  
CUST1000,Ali Hassan,72.0,,ali.hassan@gmail.com,123456789.0,837.31,10/12/2023,Books,3.0,,
CUST1001,Fatma Ali,,Female,fatma.ali@hotmail.com,,900.25,2/23/2023,,3.0,,Female
CUST1002,Ahmed Mahmoud,-1.0,male,ahmed.mahmoud@hotmail.com,,761.72,7/7/2023,Toys,2.0,,male
CUST1003,Ahmed Gaber,-1.0,F,ahmed.gaber@gmail.com,,303.72,12/30/2023,,2.0,,F
CUST1004,Ali Ibrahim,73.0,M,ali.ibrahim@yahoo.com,987654321.0,635.81,12/7/2023,Clothing,2.0,,M
CUST1005,Alaa Ibrahim,,F,alaa.ibrahim@hotmail.com,987654321.0,886.26,1/16/2025,,2.0,,F
CUST1006,Mark Ali,-1.0,male,mark.ali@hotmail.com,,92.53,6/12/2024,Books,2.0,,male
CUST1007,Alaa Hassan,200.0,female,alaa.hassan@hotmail.com,987654321.0,318.43,5/17/2024,Toys,10.0,,female
CUST1008,John Hassan,89.0,Male,john.hassan@yahoo.com,,883.52,32/13/2020,Home,4.0,,Male
CUST1009,Fatma Gaber,200.0,Female,fatma.gaber@hotmail.com,,966.47,1/24/2025,Electronics,2.0,,Female
CUST1010,Ahmed Smith,-1.0,M,ahmed.smith@gmail.com,987654321.0,882.19,6/24/2025,,3.0,,M
CUST1011,Sara Smith,-1.0,Male,sara.smith@yahoo.com,,405.79,8/5/2024,,10.0,,Male
CUST1012,Lina Ibrahim,,,lina.ibrahim@hotmail.com,,142.6,5/23/2023,Home,2.0,,
CUST1013,Lina Gaber,,male,lina.gaber@gmail.com,,,2/4/2024,Electronics,2.0,,male
CUST1014,Alaa Ali,,M,alaa.ali@gmail.com,,891.8,5/21/2023,Clothing,,,M
CUST1015,Ali Ibrahim,18.0,female,ali.ibrahim@hotmail.com,123456789.0,337.49,6/25/2024,Home,1.0,,female
CUST1016,Fatma Hassan,200.0,Female,fatma.hassan@gmail.com,987654321.0,272.08,1/9/2024,Toys,2.0,,Female
CUST1017,John Mahmoud,200.0,M,john.mahmoud@gmail.com,,833.56,2/19/2025,,,,M
CUST1018,Alaa Ali,15.0,Female,alaa.ali@hotmail.com,123456789.0,923.5,1/4/2024,Toys,1.0,,Female
CUST1019,Ahmed Ibrahim,-1.0,Male,ahmed.ibrahim@yahoo.com,123456789.0,497.45,32/13/2020,,1.0,,Male
CUST1020,Lina Gaber,,M,lina.gaber@hotmail.com,,667.69,4/27/2023,Clothing,,,M
CUST1021,Fatma Ibrahim,,male,fatma.ibrahim@yahoo.com,123456789.0,118.22,12/30/2024,Clothing,1.0,,male
CUST1022,Ahmed Mahmoud,-1.0,,ahmed.mahmoud@gmail.com,,22.02,2/22/2025,Electronics,1.0,,
CUST1023,Lina Ibrahim,44.0,M,lina.ibrahim@yahoo.com,123456789.0,389.24,32/13/2020,Clothing,10.0,,M
CUST1024,John Hassan,200.0,Male,john.hassan@hotmail.com,,125.65,2/27/2023,,10.0,,Male
CUST1025,Fatma Mahmoud,-1.0,Female,fatma.mahmoud@yahoo.com,987654321.0,334.63,6/18/2025,Electronics,3.0,,Female
CUST1026,Sara Mahmoud,-1.0,M,sara.mahmoud@hotmail.com,123456789.0,801.36,32/13/2020,,10.0,,M
CUST1027,Ahmed Hassan,,male,ahmed.hassan@hotmail.com,,478.39,3/22/2025,,,,male
CUST1028,Lina Smith,-1.0,Male,lina.smith@gmail.com,123456789.0,303.65,11/10/2023,Clothing,2.0,,Male
CUST1029,John Mahmoud,67.0,F,john.mahmoud@hotmail.com,,387.63,2/28/2024,Books,4.0,,F
CUST1030,Ali Ali,62.0,F,ali.ali@gmail.com,987654321.0,,5/16/2023,Toys,2.0,,F
CUST1031,John Hassan,90.0,male,john.hassan@yahoo.com,,598.93,10/13/2024,Clothing,5.0,,male
CUST1032,Lina Mahmoud,200.0,M,lina.mahmoud@hotmail.com,,958.61,3/1/2024,,,,M
CUST1033,Sara Mahmoud,200.0,Male,sara.mahmoud@gmail.com,123456789.0,378.4,5/30/2024,,,,Male
CUST1034,Fatma Mahmoud,200.0,F,fatma.mahmoud@hotmail.com,987654321.0,892.09,11/15/2023,,4.0,,F
CUST1035,Mark Gaber,200.0,Male,mark.gaber@yahoo.com,,917.28,11/16/2024,Home,2.0,,Male
CUST1036,Sara Ali,70.0,female,sara.ali@yahoo.com,,542.06,1/12/2023,Electronics,,,female
CUST1037,Sara Hassan,,M,sara.hassan@yahoo.com,,273.27,1/17/2025,Electronics,5.0,,M
CUST1038,Lina Gaber,46.0,female,lina.gaber@hotmail.com,123456789.0,273.77,1/30/2023,Electronics,3.0,,female
CUST1039,Ahmed Hassan,-1.0,male,ahmed.hassan@gmail.com,123456789.0,513.99,2/2/2024,,5.0,,male
CUST1040,Fatma Gaber,200.0,female,fatma.gaber@gmail.com,123456789.0,812.78,11/27/2024,,1.0,,female
CUST1041,Alaa Mahmoud,,M,alaa.mahmoud@hotmail.com,987654321.0,543.97,3/8/2025,Toys,4.0,,M
CUST1042,Sara Mahmoud,-1.0,female,sara.mahmoud@gmail.com,123456789.0,70.55,1/3/2024,Home,2.0,,female
CUST1043,John Ibrahim,57.0,female,john.ibrahim@hotmail.com,,330.84,8/12/2024,,,,female
CUST1044,Sara Gaber,200.0,,sara.gaber@hotmail.com,987654321.0,156.51,2/24/2024,Home,3.0,,
CUST1045,John Gaber,,M,john.gaber@gmail.com,,207.45,12/24/2024,Clothing,5.0,,M
CUST1046,Ahmed Hassan,-1.0,,ahmed.hassan@hotmail.com,,713.49,2/27/2023,Books,5.0,,
CUST1047,Ahmed Ibrahim,,F,ahmed.ibrahim@yahoo.com,123456789.0,911.39,11/26/2024,Clothing,2.0,,F
CUST1048,Mark Smith,81.0,F,mark.smith@yahoo.com,,309.4,2/5/2024,Clothing,10.0,,F
CUST1049,Fatma Mahmoud,-1.0,M,fatma.mahmoud@yahoo.com,,500.24,2/13/2023,,4.0,,M
CUST1050,Ahmed Ibrahim,-1.0,male,ahmed.ibrahim@gmail.com,,93.1,11/18/2022,Clothing,5.0,,male
CUST1051,Ali Smith,-1.0,M,ali.smith@yahoo.com,,968.44,7/1/2024,Home,2.0,,M
CUST1052,Sara Ali,,female,sara.ali@gmail.com,,521.87,11/7/2024,,2.0,,female
CUST1053,Mark Mahmoud,,F,mark.mahmoud@hotmail.com,,678.65,5/30/2024,Home,1.0,,F
CUST1054,Ali Hassan,-1.0,male,ali.hassan@yahoo.com,,639.4,7/21/2023,Electronics,,,male
CUST1055,Sara Hassan,200.0,M,sara.hassan@yahoo.com,987654321.0,887.67,11/17/2024,Books,1.0,,M
CUST1056,John Mahmoud,-1.0,male,john.mahmoud@gmail.com,,346.31,1/2/2025,Toys,3.0,,male
CUST1057,Mark Ibrahim,29.0,female,mark.ibrahim@hotmail.com,,924.82,5/9/2024,Home,,,female
CUST1058,Alaa Ali,200.0,Male,alaa.ali@hotmail.com,123456789.0,382.76,9/25/2023,Electronics,,,Male
CUST1059,Ali Mahmoud,-1.0,F,ali.mahmoud@yahoo.com,,847.9,1/28/2025,Electronics,5.0,,F
CUST1060,Sara Gaber,200.0,,sara.gaber@gmail.com,123456789.0,72.75,11/21/2024,Electronics,,,
CUST1061,Ali Gaber,200.0,M,ali.gaber@hotmail.com,123456789.0,538.83,3/29/2025,Toys,5.0,,M
CUST1062,Fatma Gaber,200.0,Female,fatma.gaber@hotmail.com,,462.04,9/26/2024,Clothing,2.0,,Female
CUST1063,Ahmed Ibrahim,,M,ahmed.ibrahim@yahoo.com,123456789.0,665.71,12/22/2024,Electronics,,,M
CUST1064,Sara Ali,-1.0,M,sara.ali@hotmail.com,,627.16,11/24/2023,Clothing,5.0,,M
CUST1065,John Ali,83.0,F,john.ali@hotmail.com,,326.42,3/10/2024,,5.0,,F
CUST1066,Sara Mahmoud,200.0,,sara.mahmoud@hotmail.com,987654321.0,600.8,10/10/2023,Books,3.0,,
CUST1067,Sara Gaber,,,sara.gaber@yahoo.com,123456789.0,85.14,32/13/2020,Clothing,,,
CUST1068,Ali Hassan,-1.0,Female,ali.hassan@gmail.com,,336.17,8/11/2024,Home,1.0,,Female
CUST1069,Sara Hassan,-1.0,F,sara.hassan@yahoo.com,987654321.0,338.8,7/2/2024,Clothing,5.0,,F
CUST1070,Mark Mahmoud,81.0,F,mark.mahmoud@gmail.com,,330.97,8/30/2024,Clothing,2.0,,F
CUST1071,Fatma Ibrahim,62.0,F,fatma.ibrahim@yahoo.com,123456789.0,642.53,5/20/2024,Clothing,4.0,,F
CUST1072,Lina Mahmoud,,female,lina.mahmoud@gmail.com,,624.57,1/31/2025,Electronics,5.0,,female
CUST1073,Ali Ali,-1.0,M,ali.ali@gmail.com,,140.28,6/21/2024,Books,5.0,,M
CUST1074,Ahmed Ibrahim,,,ahmed.ibrahim@yahoo.com,123456789.0,434.82,1/11/2023,Home,,,
CUST1075,Mark Ibrahim,200.0,F,mark.ibrahim@yahoo.com,,991.85,6/7/2025,Clothing,1.0,,F
CUST1076,Fatma Smith,-1.0,Female,fatma.smith@hotmail.com,123456789.0,95.42,4/24/2025,Toys,3.0,,Female
CUST1077,Mark Mahmoud,,F,mark.mahmoud@yahoo.com,,384.79,5/31/2023,Clothing,5.0,,F
CUST1078,Ali Ibrahim,,M,ali.ibrahim@yahoo.com,,580.82,4/13/2023,,5.0,,M
CUST1079,Mark Smith,,Female,mark.smith@yahoo.com,,356.65,3/13/2024,Clothing,2.0,,Female
CUST1080,Sara Gaber,73.0,,sara.gaber@gmail.com,987654321.0,979.66,6/10/2025,Home,10.0,,
CUST1081,Lina Ibrahim,,Male,lina.ibrahim@hotmail.com,123456789.0,416.05,10/28/2022,,1.0,,Male
CUST1082,Ali Mahmoud,,male,ali.mahmoud@yahoo.com,,424.64,1/24/2025,Electronics,10.0,,male
CUST1083,Ali Hassan,,Male,ali.hassan@yahoo.com,,141.87,11/24/2022,,10.0,,Male
CUST1084,John Smith,,F,john.smith@yahoo.com,,58.44,4/24/2025,Home,1.0,,F
CUST1085,Ali Gaber,-1.0,,ali.gaber@yahoo.com,,458.49,7/17/2025,,10.0,,
CUST1086,Fatma Hassan,200.0,Female,fatma.hassan@hotmail.com,123456789.0,693.15,8/26/2024,Clothing,4.0,,Female
CUST1087,Sara Gaber,41.0,F,sara.gaber@gmail.com,,467.33,2/13/2024,,4.0,,F
CUST1088,Lina Hassan,-1.0,M,lina.hassan@gmail.com,123456789.0,216.88,5/13/2024,Electronics,3.0,,M
CUST1089,Alaa Gaber,,F,alaa.gaber@hotmail.com,,349.65,10/31/2022,Toys,1.0,,F
CUST1090,Ali Mahmoud,-1.0,male,ali.mahmoud@yahoo.com,987654321.0,143.28,6/25/2025,Clothing,1.0,,male
CUST1091,Sara Hassan,-1.0,F,sara.hassan@hotmail.com,,753.92,2/19/2023,Books,3.0,,F
CUST1092,John Ali,-1.0,female,john.ali@gmail.com,987654321.0,771.55,9/7/2023,,10.0,,female
CUST1093,Fatma Ibrahim,200.0,Male,fatma.ibrahim@gmail.com,,558.24,7/23/2023,Electronics,1.0,,Male
CUST1094,Fatma Smith,-1.0,M,fatma.smith@gmail.com,,883.32,7/6/2023,,,,M
CUST1095,Lina Ali,31.0,Male,lina.ali@gmail.com,987654321.0,989.5,6/14/2025,Clothing,5.0,,Male
CUST1096,Ahmed Smith,-1.0,Male,ahmed.smith@gmail.com,987654321.0,179.9,4/14/2025,Home,4.0,,Male
CUST1097,Sara Ali,200.0,male,sara.ali@yahoo.com,,290.07,6/14/2023,Home,,,male
CUST1098,Alaa Hassan,-1.0,Female,alaa.hassan@hotmail.com,123456789.0,951.65,8/13/2023,Toys,2.0,,Female
CUST1099,Mark Ibrahim,200.0,F,mark.ibrahim@gmail.com,987654321.0,402.26,2/3/2024,Clothing,2.0,,F
CUST1100,Sara Ali,200.0,Male,sara.ali@gmail.com,123456789.0,438.21,32/13/2020,,3.0,,Male
CUST1101,Ali Mahmoud,,female,ali.mahmoud@hotmail.com,123456789.0,502.86,11/8/2023,,1.0,,female
CUST1102,Ali Smith,200.0,M,ali.smith@yahoo.com,987654321.0,76.21,12/23/2024,Electronics,5.0,,M
CUST1103,Mark Mahmoud,,Male,mark.mahmoud@yahoo.com,,35.01,4/23/2025,Clothing,2.0,,Male
CUST1104,Ali Hassan,-1.0,,ali.hassan@gmail.com,,392.66,4/4/2024,Home,,,
CUST1105,Sara Ibrahim,,F,sara.ibrahim@gmail.com,987654321.0,530.59,5/23/2025,Clothing,,,F
CUST1106,Ali Gaber,-1.0,,ali.gaber@hotmail.com,987654321.0,361.23,1/2/2024,Toys,2.0,,
CUST1107,Lina Ibrahim,,F,lina.ibrahim@gmail.com,,654.55,3/29/2024,,3.0,,F
CUST1108,Mark Ibrahim,200.0,F,mark.ibrahim@gmail.com,123456789.0,380.2,7/9/2023,Books,2.0,,F
CUST1109,Ali Hassan,200.0,F,ali.hassan@yahoo.com,123456789.0,586.24,4/27/2025,Electronics,,,F
CUST1110,Alaa Mahmoud,200.0,Male,alaa.mahmoud@hotmail.com,,524.98,3/14/2023,Home,,,Male
CUST1111,Ali Mahmoud,,Female,ali.mahmoud@yahoo.com,,237.89,7/13/2023,Home,3.0,,Female
CUST1112,Alaa Mahmoud,-1.0,female,alaa.mahmoud@yahoo.com,987654321.0,519.25,7/6/2024,,4.0,,female
CUST1113,Mark Smith,-1.0,female,mark.smith@gmail.com,987654321.0,440.41,11/28/2022,,1.0,,female
CUST1114,Sara Mahmoud,200.0,,sara.mahmoud@yahoo.com,987654321.0,490.23,12/21/2023,Toys,2.0,,
CUST1115,John Ali,200.0,M,john.ali@hotmail.com,,12.52,6/2/2024,Clothing,4.0,,M
CUST1116,Sara Gaber,200.0,Female,sara.gaber@gmail.com,987654321.0,500.41,10/23/2024,Clothing,3.0,,Female
CUST1117,Ali Hassan,200.0,M,ali.hassan@yahoo.com,,71.93,11/22/2022,,,,M
CUST1118,Alaa Mahmoud,200.0,,alaa.mahmoud@gmail.com,123456789.0,287.82,32/13/2020,,10.0,,
CUST1119,Ali Mahmoud,-1.0,Male,ali.mahmoud@yahoo.com,987654321.0,259.98,32/13/2020,Electronics,,,Male
CUST1120,Ali Mahmoud,,F,ali.mahmoud@gmail.com,,741.43,9/7/2024,,4.0,,F
CUST1121,Fatma Mahmoud,,Female,fatma.mahmoud@yahoo.com,,373.22,11/4/2024,Electronics,,,Female
CUST1122,Mark Ali,,female,mark.ali@hotmail.com,123456789.0,548.34,6/25/2024,Books,4.0,,female
CUST1123,Fatma Ibrahim,,Male,fatma.ibrahim@gmail.com,,80.53,8/3/2023,Toys,4.0,,Male
CUST1124,Ahmed Mahmoud,44.0,M,ahmed.mahmoud@gmail.com,,927.77,5/25/2024,Toys,5.0,,M
CUST1125,John Gaber,,Female,john.gaber@yahoo.com,,520.22,4/19/2023,Toys,10.0,,Female
CUST1126,Fatma Gaber,,female,fatma.gaber@gmail.com,,257.81,6/2/2023,,4.0,,female
CUST1127,Ali Smith,,,ali.smith@gmail.com,,411.02,10/28/2022,,10.0,,
CUST1128,Fatma Gaber,,F,fatma.gaber@gmail.com,987654321.0,430.01,2/27/2024,Books,3.0,,F
CUST1129,Fatma Ibrahim,40.0,Male,fatma.ibrahim@gmail.com,123456789.0,958.06,6/25/2024,Clothing,2.0,,Male
CUST1130,Sara Ali,200.0,Female,sara.ali@hotmail.com,,89.27,10/8/2024,,5.0,,Female
CUST1131,Sara Gaber,-1.0,M,sara.gaber@yahoo.com,,950.64,3/8/2025,Home,5.0,,M
CUST1132,John Ali,-1.0,Male,john.ali@gmail.com,,7.36,1/15/2025,Clothing,2.0,,Male
CUST1133,Alaa Mahmoud,,female,alaa.mahmoud@hotmail.com,,456.98,8/22/2024,Clothing,10.0,,female
CUST1134,Sara Ali,200.0,F,sara.ali@gmail.com,,979.32,8/9/2024,Toys,1.0,,F
CUST1135,Ali Smith,-1.0,Male,ali.smith@hotmail.com,123456789.0,320.92,2/20/2025,Home,4.0,,Male
CUST1136,Alaa Hassan,200.0,F,alaa.hassan@gmail.com,987654321.0,615.09,1/25/2025,Toys,3.0,,F
CUST1137,Alaa Ali,200.0,female,alaa.ali@yahoo.com,123456789.0,755.4,3/3/2025,,2.0,,female
CUST1138,Fatma Ibrahim,79.0,M,fatma.ibrahim@yahoo.com,987654321.0,,5/16/2025,Electronics,3.0,,M
CUST1139,Fatma Gaber,35.0,M,fatma.gaber@gmail.com,987654321.0,5.57,8/29/2024,Books,,,M
CUST1140,Sara Hassan,53.0,Male,sara.hassan@yahoo.com,,415.28,32/13/2020,Books,,,Male
CUST1141,Ali Mahmoud,,female,ali.mahmoud@yahoo.com,,362.53,4/12/2025,Toys,1.0,,female
CUST1142,Ahmed Hassan,79.0,M,ahmed.hassan@gmail.com,,924.96,4/21/2024,Clothing,3.0,,M
CUST1143,Alaa Mahmoud,,male,alaa.mahmoud@hotmail.com,987654321.0,663.01,8/26/2024,Clothing,3.0,,male
CUST1144,Ahmed Smith,-1.0,male,ahmed.smith@gmail.com,987654321.0,316.02,1/14/2023,Home,3.0,,male
CUST1145,John Mahmoud,-1.0,Female,john.mahmoud@yahoo.com,123456789.0,756.48,6/8/2023,Electronics,4.0,,Female
CUST1146,Alaa Smith,200.0,F,alaa.smith@hotmail.com,987654321.0,891.17,4/28/2023,Books,4.0,,F
CUST1147,Fatma Hassan,,Male,fatma.hassan@hotmail.com,987654321.0,749.79,7/11/2025,Books,5.0,,Male
CUST1148,Mark Gaber,-1.0,Male,mark.gaber@gmail.com,,323.94,9/17/2023,,2.0,,Male
CUST1149,Lina Ali,-1.0,female,lina.ali@hotmail.com,,232.81,7/4/2023,Electronics,,,female
CUST1150,Sara Ali,,M,sara.ali@gmail.com,123456789.0,341.99,6/13/2024,Electronics,5.0,,M
CUST1151,Lina Ibrahim,200.0,M,lina.ibrahim@hotmail.com,,251.62,3/27/2025,Home,10.0,,M
CUST1152,Alaa Hassan,-1.0,female,alaa.hassan@gmail.com,987654321.0,660.14,9/20/2024,Electronics,,,female
CUST1153,Ali Smith,200.0,Male,ali.smith@gmail.com,,656.09,7/26/2024,Home,2.0,,Male
CUST1154,John Gaber,-1.0,male,john.gaber@yahoo.com,123456789.0,891.14,2/18/2024,Clothing,1.0,,male
CUST1155,Ahmed Ibrahim,200.0,Male,ahmed.ibrahim@hotmail.com,,65.06,12/29/2022,,10.0,,Male
CUST1156,Ali Ali,-1.0,male,ali.ali@yahoo.com,,354.43,9/23/2023,,3.0,,male
CUST1157,Ahmed Ali,89.0,Female,ahmed.ali@hotmail.com,,660.07,4/21/2023,Toys,1.0,,Female
CUST1158,Lina Gaber,,male,lina.gaber@yahoo.com,,916.59,12/20/2024,Home,4.0,,male
CUST1159,Fatma Ibrahim,,female,fatma.ibrahim@hotmail.com,,629.77,4/22/2025,Toys,2.0,,female
CUST1160,Ahmed Gaber,-1.0,,ahmed.gaber@yahoo.com,,839.25,12/19/2023,Books,10.0,,
CUST1161,Mark Ibrahim,-1.0,F,mark.ibrahim@hotmail.com,123456789.0,647.76,12/1/2023,,5.0,,F
CUST1162,Fatma Gaber,200.0,M,fatma.gaber@yahoo.com,,249.85,7/1/2023,Home,5.0,,M
CUST1163,Lina Ibrahim,-1.0,female,lina.ibrahim@hotmail.com,987654321.0,340.52,32/13/2020,Electronics,3.0,,female
CUST1164,Ahmed Mahmoud,200.0,male,ahmed.mahmoud@yahoo.com,987654321.0,902.48,10/14/2023,Clothing,1.0,,male
CUST1165,Sara Ali,200.0,M,sara.ali@hotmail.com,,382.67,1/29/2024,Home,10.0,,M
CUST1166,Ali Hassan,,M,ali.hassan@hotmail.com,987654321.0,653.73,2/10/2024,Clothing,2.0,,M
CUST1167,Ali Smith,-1.0,F,ali.smith@hotmail.com,,972.88,10/14/2023,Home,4.0,,F
CUST1168,Ali Mahmoud,-1.0,Female,ali.mahmoud@yahoo.com,,835.86,32/13/2020,Clothing,4.0,,Female
CUST1169,Fatma Ibrahim,200.0,female,fatma.ibrahim@hotmail.com,123456789.0,641.96,6/13/2024,,1.0,,female
CUST1170,John Smith,200.0,M,john.smith@hotmail.com,987654321.0,307.77,3/29/2025,,4.0,,M
CUST1171,Fatma Smith,87.0,Male,fatma.smith@yahoo.com,123456789.0,867.78,32/13/2020,Clothing,3.0,,Male
CUST1172,Fatma Gaber,,Male,fatma.gaber@yahoo.com,,198.0,7/4/2025,,3.0,,Male
CUST1173,Alaa Hassan,,female,alaa.hassan@hotmail.com,,685.55,10/30/2024,Home,10.0,,female
CUST1174,Alaa Smith,-1.0,Female,alaa.smith@yahoo.com,123456789.0,592.21,32/13/2020,Toys,2.0,,Female
CUST1175,Alaa Smith,,F,alaa.smith@yahoo.com,,583.35,12/16/2023,,2.0,,F
CUST1176,Mark Mahmoud,,Male,mark.mahmoud@gmail.com,,65.43,3/6/2024,Toys,2.0,,Male
CUST1177,John Ali,,F,john.ali@hotmail.com,123456789.0,563.54,4/14/2025,Toys,5.0,,F
CUST1178,John Smith,-1.0,M,john.smith@yahoo.com,,566.84,7/5/2023,,2.0,,M
CUST1179,Fatma Hassan,200.0,Male,fatma.hassan@hotmail.com,,338.73,6/8/2025,Home,4.0,,Male
CUST1180,Ali Ali,200.0,male,ali.ali@hotmail.com,,153.08,5/16/2025,Books,,,male
CUST1181,John Gaber,-1.0,F,john.gaber@yahoo.com,123456789.0,203.2,7/27/2024,Books,1.0,,F
CUST1182,Lina Hassan,,male,lina.hassan@gmail.com,,173.4,6/25/2024,Home,3.0,,male
CUST1183,John Hassan,30.0,female,john.hassan@gmail.com,,957.09,32/13/2020,Toys,1.0,,female
CUST1184,John Gaber,,Male,john.gaber@hotmail.com,123456789.0,39.61,10/31/2022,Clothing,1.0,,Male
CUST1185,Lina Gaber,200.0,M,lina.gaber@hotmail.com,,467.64,1/4/2025,Electronics,3.0,,M
CUST1186,Mark Hassan,,Male,mark.hassan@gmail.com,123456789.0,879.07,11/6/2023,Toys,3.0,,Male
CUST1187,Alaa Gaber,200.0,Male,alaa.gaber@yahoo.com,,739.06,12/18/2024,Electronics,2.0,,Male
CUST1188,Ali Gaber,200.0,male,ali.gaber@yahoo.com,987654321.0,337.71,5/12/2024,,5.0,,male
CUST1189,Fatma Gaber,,F,fatma.gaber@yahoo.com,,211.5,5/24/2024,Electronics,5.0,,F
CUST1190,Lina Mahmoud,200.0,,lina.mahmoud@yahoo.com,123456789.0,546.44,10/30/2022,Home,3.0,,
CUST1191,Ahmed Hassan,,male,ahmed.hassan@hotmail.com,123456789.0,802.26,3/17/2025,Clothing,3.0,,male
CUST1192,Ahmed Smith,-1.0,Male,ahmed.smith@hotmail.com,987654321.0,464.5,32/13/2020,Clothing,,,Male
CUST1193,John Hassan,-1.0,M,john.hassan@gmail.com,,293.42,11/12/2023,,5.0,,M
CUST1194,Lina Gaber,23.0,M,lina.gaber@gmail.com,123456789.0,584.56,32/13/2020,Books,,,M
CUST1195,Fatma Hassan,84.0,male,fatma.hassan@yahoo.com,,449.45,3/18/2023,Electronics,10.0,,male
CUST1196,Ali Gaber,200.0,male,ali.gaber@yahoo.com,987654321.0,647.39,1/10/2025,Electronics,4.0,,male
CUST1197,John Hassan,200.0,F,john.hassan@hotmail.com,,225.1,7/16/2025,,5.0,,F
CUST1198,Ahmed Ali,26.0,male,ahmed.ali@hotmail.com,,,11/4/2023,Clothing,,,male
CUST1199,Alaa Gaber,,female,alaa.gaber@hotmail.com,123456789.0,616.2,5/4/2023,Books,4.0,,female
CUST1200,Ali Ali,-1.0,F,ali.ali@hotmail.com,987654321.0,538.75,6/14/2023,Toys,10.0,,F
CUST1201,Fatma Mahmoud,200.0,Male,fatma.mahmoud@gmail.com,,193.47,4/6/2025,,,,Male
CUST1202,Sara Ibrahim,-1.0,Male,sara.ibrahim@hotmail.com,,45.36,8/13/2023,,1.0,,Male
CUST1203,Ali Gaber,,male,ali.gaber@yahoo.com,987654321.0,736.35,10/5/2023,Home,,,male
CUST1204,Fatma Mahmoud,36.0,Male,fatma.mahmoud@gmail.com,123456789.0,273.43,9/26/2023,Toys,5.0,,Male
CUST1205,John Hassan,23.0,Male,john.hassan@yahoo.com,987654321.0,,11/27/2023,Home,,,Male
CUST1206,Alaa Mahmoud,200.0,male,alaa.mahmoud@gmail.com,,689.79,6/8/2025,Toys,3.0,,male
CUST1207,Ahmed Ali,200.0,male,ahmed.ali@hotmail.com,987654321.0,877.79,11/23/2022,Home,5.0,,male
CUST1208,Fatma Hassan,-1.0,,fatma.hassan@yahoo.com,,179.63,2/2/2023,Electronics,10.0,,
CUST1209,Alaa Smith,-1.0,M,alaa.smith@hotmail.com,987654321.0,87.22,4/19/2023,Books,10.0,,M
CUST1210,Fatma Ibrahim,79.0,male,fatma.ibrahim@yahoo.com,,688.98,11/28/2024,Toys,2.0,,male
CUST1211,Fatma Mahmoud,200.0,male,fatma.mahmoud@gmail.com,,545.4,11/8/2023,Electronics,10.0,,male
CUST1212,Sara Ibrahim,200.0,M,sara.ibrahim@hotmail.com,987654321.0,859.82,6/22/2025,Toys,5.0,,M
CUST1213,Ahmed Ibrahim,200.0,male,ahmed.ibrahim@hotmail.com,123456789.0,740.96,3/1/2023,,3.0,,male
CUST1214,Lina Hassan,200.0,F,lina.hassan@gmail.com,,240.1,7/14/2023,Home,1.0,,F
CUST1215,Ali Hassan,90.0,Male,ali.hassan@gmail.com,987654321.0,81.5,4/23/2025,,2.0,,Male
CUST1216,John Mahmoud,200.0,male,john.mahmoud@hotmail.com,,325.06,12/8/2024,,10.0,,male
CUST1217,Alaa Smith,,,alaa.smith@gmail.com,987654321.0,272.24,4/16/2024,Toys,3.0,,
CUST1218,Sara Gaber,200.0,M,sara.gaber@yahoo.com,,44.14,32/13/2020,Clothing,10.0,,M
CUST1219,Ali Smith,200.0,M,ali.smith@hotmail.com,,70.94,3/7/2025,Clothing,10.0,,M
CUST1220,Sara Hassan,67.0,female,sara.hassan@yahoo.com,987654321.0,350.38,2/17/2023,,1.0,,female
CUST1221,Alaa Smith,33.0,F,alaa.smith@gmail.com,,836.95,12/10/2023,Clothing,10.0,,F
CUST1222,Fatma Smith,,Male,fatma.smith@gmail.com,987654321.0,505.89,3/1/2025,,10.0,,Male
CUST1223,Fatma Mahmoud,83.0,Male,fatma.mahmoud@gmail.com,,917.86,3/1/2023,Books,2.0,,Male
CUST1224,Lina Ibrahim,67.0,,lina.ibrahim@yahoo.com,,321.98,7/10/2024,Electronics,4.0,,
CUST1225,Sara Hassan,200.0,Female,sara.hassan@gmail.com,,,3/11/2023,,2.0,,Female
CUST1226,Sara Mahmoud,58.0,Male,sara.mahmoud@yahoo.com,,190.38,4/14/2023,Home,10.0,,Male
CUST1227,Mark Mahmoud,49.0,M,mark.mahmoud@gmail.com,987654321.0,24.98,5/26/2025,Electronics,2.0,,M
CUST1228,Lina Ibrahim,-1.0,F,lina.ibrahim@gmail.com,,798.65,12/27/2023,Books,2.0,,F
CUST1229,Fatma Ibrahim,-1.0,Female,fatma.ibrahim@gmail.com,,,32/13/2020,Electronics,5.0,,Female
CUST1230,Ali Smith,200.0,,ali.smith@gmail.com,123456789.0,938.95,9/6/2023,Books,10.0,,
CUST1231,Ahmed Smith,,female,ahmed.smith@yahoo.com,,610.21,3/23/2023,,10.0,,female
CUST1232,Alaa Hassan,28.0,F,alaa.hassan@hotmail.com,123456789.0,679.49,12/30/2022,Books,5.0,,F
CUST1233,Lina Smith,65.0,,lina.smith@yahoo.com,,741.96,11/24/2022,Electronics,2.0,,
CUST1234,Lina Ali,,,lina.ali@hotmail.com,987654321.0,460.62,3/6/2025,Toys,2.0,,
CUST1235,Fatma Mahmoud,,M,fatma.mahmoud@yahoo.com,123456789.0,,11/7/2022,,3.0,,M
CUST1236,Lina Ali,200.0,Male,lina.ali@gmail.com,987654321.0,72.41,12/5/2024,,3.0,,Male
CUST1237,John Hassan,-1.0,Male,john.hassan@yahoo.com,,74.24,7/28/2024,Electronics,5.0,,Male
CUST1238,Ahmed Ibrahim,,male,ahmed.ibrahim@hotmail.com,987654321.0,400.75,9/13/2024,Toys,5.0,,male
CUST1239,Alaa Smith,-1.0,F,alaa.smith@hotmail.com,123456789.0,526.05,9/5/2023,Toys,,,F
CUST1240,Alaa Smith,30.0,F,alaa.smith@gmail.com,123456789.0,41.71,5/28/2024,Electronics,10.0,,F
CUST1241,Ahmed Gaber,44.0,,ahmed.gaber@hotmail.com,987654321.0,174.79,5/9/2024,,10.0,,
CUST1242,Sara Gaber,71.0,male,sara.gaber@hotmail.com,,321.95,4/25/2025,,5.0,,male
CUST1243,Fatma Ibrahim,200.0,F,fatma.ibrahim@gmail.com,123456789.0,384.26,12/25/2023,Toys,2.0,,F
CUST1244,Sara Ali,56.0,F,sara.ali@yahoo.com,987654321.0,292.02,6/11/2025,Clothing,10.0,,F
CUST1245,Ahmed Ibrahim,,M,ahmed.ibrahim@hotmail.com,123456789.0,796.59,11/25/2024,Clothing,1.0,,M
CUST1246,Ahmed Ali,200.0,F,ahmed.ali@gmail.com,987654321.0,111.12,1/27/2025,,3.0,,F
CUST1247,John Mahmoud,26.0,male,john.mahmoud@yahoo.com,,,5/21/2025,Toys,1.0,,male
CUST1248,Mark Hassan,-1.0,female,mark.hassan@yahoo.com,,48.51,2/13/2023,Books,2.0,,female
CUST1249,John Smith,26.0,Female,john.smith@yahoo.com,123456789.0,497.9,1/23/2024,,1.0,,Female
CUST1250,Alaa Ali,200.0,male,alaa.ali@hotmail.com,123456789.0,338.96,5/13/2024,Books,10.0,,male
CUST1251,Mark Hassan,200.0,F,mark.hassan@hotmail.com,123456789.0,563.61,5/15/2025,Toys,2.0,,F
CUST1252,Lina Mahmoud,-1.0,M,lina.mahmoud@gmail.com,123456789.0,907.78,10/14/2023,,,,M
CUST1253,Fatma Mahmoud,23.0,M,fatma.mahmoud@hotmail.com,987654321.0,675.59,1/18/2025,Books,2.0,,M
CUST1254,Lina Smith,76.0,Male,lina.smith@gmail.com,123456789.0,308.32,1/5/2023,,,,Male
CUST1255,Sara Ibrahim,-1.0,F,sara.ibrahim@gmail.com,987654321.0,28.77,11/13/2023,Toys,,,F
CUST1256,Mark Smith,-1.0,,mark.smith@hotmail.com,987654321.0,441.18,8/14/2024,,4.0,,
CUST1257,Fatma Ibrahim,-1.0,,fatma.ibrahim@yahoo.com,,83.67,11/21/2022,Books,3.0,,
CUST1258,Alaa Smith,-1.0,Male,alaa.smith@gmail.com,,44.27,4/22/2025,Electronics,2.0,,Male
CUST1259,Mark Gaber,-1.0,,mark.gaber@hotmail.com,,251.68,11/7/2023,Toys,,,
CUST1260,Ahmed Gaber,25.0,M,ahmed.gaber@yahoo.com,123456789.0,161.47,12/28/2022,Clothing,4.0,,M
CUST1261,Lina Hassan,-1.0,Female,lina.hassan@hotmail.com,123456789.0,434.13,4/24/2023,Books,1.0,,Female
CUST1262,Sara Ali,200.0,Male,sara.ali@hotmail.com,,317.64,10/6/2024,Home,3.0,,Male
CUST1263,Mark Mahmoud,-1.0,female,mark.mahmoud@yahoo.com,,628.62,10/16/2024,,4.0,,female
CUST1264,John Ali,,Female,john.ali@yahoo.com,,981.69,32/13/2020,Clothing,2.0,,Female
CUST1265,John Mahmoud,200.0,,john.mahmoud@yahoo.com,,603.83,8/2/2024,Books,2.0,,
CUST1266,Fatma Smith,43.0,female,fatma.smith@hotmail.com,,,5/5/2024,Books,2.0,,female
CUST1267,John Ibrahim,200.0,female,john.ibrahim@yahoo.com,987654321.0,105.11,10/28/2024,,3.0,,female
CUST1268,Ahmed Ibrahim,,female,ahmed.ibrahim@yahoo.com,987654321.0,658.73,9/19/2023,Electronics,5.0,,female
CUST1269,Alaa Smith,,male,alaa.smith@yahoo.com,,,5/13/2024,Clothing,5.0,,male
CUST1270,Sara Mahmoud,21.0,F,sara.mahmoud@gmail.com,,672.62,4/2/2023,Home,1.0,,F
CUST1271,Ali Hassan,,,ali.hassan@yahoo.com,987654321.0,599.23,1/28/2025,,10.0,,
CUST1272,Fatma Hassan,46.0,M,fatma.hassan@yahoo.com,,717.71,10/25/2024,,4.0,,M
CUST1273,Lina Gaber,-1.0,male,lina.gaber@hotmail.com,987654321.0,463.51,7/4/2024,Clothing,1.0,,male
CUST1274,Lina Mahmoud,,Male,lina.mahmoud@yahoo.com,987654321.0,24.82,12/6/2024,Electronics,4.0,,Male
CUST1275,Ali Mahmoud,200.0,Female,ali.mahmoud@yahoo.com,,449.84,7/10/2025,,4.0,,Female
CUST1276,Alaa Smith,83.0,,alaa.smith@hotmail.com,,127.73,9/9/2024,Books,5.0,,
CUST1277,Alaa Smith,-1.0,male,alaa.smith@hotmail.com,,376.39,11/3/2022,Clothing,3.0,,male
CUST1278,John Smith,,,john.smith@hotmail.com,123456789.0,254.03,6/3/2024,,5.0,,
CUST1279,Lina Ali,200.0,male,lina.ali@hotmail.com,987654321.0,844.62,4/18/2023,,2.0,,male
CUST1280,John Ibrahim,-1.0,Male,john.ibrahim@gmail.com,987654321.0,314.01,8/18/2023,Books,5.0,,Male
CUST1281,Sara Gaber,-1.0,Female,sara.gaber@gmail.com,987654321.0,926.08,9/23/2024,,,,Female
CUST1282,Alaa Hassan,,,alaa.hassan@yahoo.com,123456789.0,868.99,3/29/2023,Toys,,,
CUST1283,Fatma Smith,,female,fatma.smith@hotmail.com,987654321.0,934.41,5/23/2023,,5.0,,female
CUST1284,Ahmed Ali,-1.0,male,ahmed.ali@yahoo.com,,733.23,6/18/2025,Toys,1.0,,male
CUST1285,Fatma Hassan,200.0,male,fatma.hassan@hotmail.com,123456789.0,889.03,8/3/2023,Clothing,2.0,,male
CUST1286,Mark Gaber,,female,mark.gaber@hotmail.com,,584.75,10/29/2023,,5.0,,female
CUST1287,Ali Hassan,200.0,Male,ali.hassan@yahoo.com,,225.16,2/7/2023,Clothing,5.0,,Male
CUST1288,Alaa Hassan,70.0,M,alaa.hassan@hotmail.com,987654321.0,938.89,12/14/2022,Electronics,2.0,,M
CUST1289,John Ali,-1.0,Male,john.ali@gmail.com,,671.26,9/2/2024,Home,2.0,,Male
CUST1290,Lina Mahmoud,15.0,Male,lina.mahmoud@hotmail.com,,686.89,12/31/2022,,1.0,,Male
CUST1291,Ali Gaber,63.0,male,ali.gaber@hotmail.com,123456789.0,587.06,5/26/2023,Home,2.0,,male
CUST1292,Ahmed Ibrahim,,male,ahmed.ibrahim@yahoo.com,,,4/3/2024,,10.0,,male
CUST1293,Mark Gaber,-1.0,female,mark.gaber@yahoo.com,123456789.0,823.05,12/8/2022,Home,3.0,,female
CUST1294,Fatma Mahmoud,200.0,Female,fatma.mahmoud@gmail.com,,266.52,4/19/2025,Electronics,1.0,,Female
CUST1295,Ali Hassan,,F,ali.hassan@yahoo.com,123456789.0,97.91,11/22/2022,Electronics,3.0,,F
CUST1296,Fatma Ibrahim,-1.0,F,fatma.ibrahim@yahoo.com,987654321.0,931.77,9/11/2024,Toys,1.0,,F
CUST1297,John Mahmoud,-1.0,F,john.mahmoud@gmail.com,,818.98,7/13/2024,Toys,10.0,,F
CUST1298,Ali Gaber,200.0,M,ali.gaber@yahoo.com,,257.24,6/10/2023,Toys,3.0,,M
CUST1299,John Smith,-1.0,,john.smith@gmail.com,987654321.0,942.66,4/29/2023,,3.0,,
CUST1300,Alaa Smith,200.0,M,alaa.smith@hotmail.com,987654321.0,701.82,3/21/2025,Home,5.0,,M
CUST1301,John Mahmoud,200.0,M,john.mahmoud@yahoo.com,987654321.0,390.78,7/2/2024,Home,10.0,,M
CUST1302,Ali Mahmoud,200.0,female,ali.mahmoud@yahoo.com,987654321.0,,4/21/2024,Clothing,4.0,,female
CUST1303,Fatma Ibrahim,-1.0,Female,fatma.ibrahim@hotmail.com,987654321.0,637.52,5/4/2023,Books,4.0,,Female
CUST1304,Alaa Gaber,200.0,F,alaa.gaber@yahoo.com,987654321.0,714.03,8/7/2024,Toys,10.0,,F
CUST1305,Fatma Ibrahim,15.0,,fatma.ibrahim@gmail.com,,601.69,7/12/2025,Books,,,
CUST1306,Ahmed Ibrahim,,M,ahmed.ibrahim@gmail.com,,871.2,12/15/2023,Electronics,,,M
CUST1307,Fatma Hassan,,F,fatma.hassan@gmail.com,987654321.0,137.52,7/17/2024,Home,5.0,,F
CUST1308,Alaa Mahmoud,200.0,Female,alaa.mahmoud@yahoo.com,987654321.0,297.43,9/15/2023,Books,5.0,,Female
CUST1309,Ahmed Ali,-1.0,Female,ahmed.ali@hotmail.com,123456789.0,93.62,12/18/2024,Home,3.0,,Female
CUST1310,Alaa Gaber,200.0,M,alaa.gaber@yahoo.com,987654321.0,200.63,4/27/2024,Electronics,2.0,,M
CUST1311,Alaa Smith,200.0,M,alaa.smith@gmail.com,,527.79,5/6/2024,Home,3.0,,M
CUST1312,John Ibrahim,200.0,F,john.ibrahim@yahoo.com,,815.49,4/20/2024,Books,2.0,,F
CUST1313,Alaa Hassan,-1.0,F,alaa.hassan@yahoo.com,123456789.0,901.41,4/7/2025,Toys,3.0,,F
CUST1314,Mark Ali,-1.0,Female,mark.ali@gmail.com,987654321.0,71.28,7/1/2025,Home,4.0,,Female
CUST1315,Fatma Ibrahim,,F,fatma.ibrahim@yahoo.com,,9.78,7/14/2025,Electronics,2.0,,F
CUST1316,John Smith,-1.0,female,john.smith@gmail.com,987654321.0,939.67,12/28/2022,Clothing,3.0,,female
CUST1317,Sara Smith,53.0,Female,sara.smith@yahoo.com,,780.3,3/5/2025,Electronics,,,Female
CUST1318,Mark Hassan,200.0,Male,mark.hassan@yahoo.com,,242.71,11/2/2023,Books,10.0,,Male
CUST1319,John Hassan,200.0,F,john.hassan@yahoo.com,,84.68,3/20/2025,,10.0,,F
CUST1320,Ali Ali,66.0,male,ali.ali@yahoo.com,987654321.0,750.14,5/31/2025,Toys,3.0,,male
CUST1321,Lina Ibrahim,200.0,F,lina.ibrahim@gmail.com,987654321.0,,2/3/2025,Home,2.0,,F
CUST1322,Ali Gaber,77.0,F,ali.gaber@gmail.com,123456789.0,523.57,32/13/2020,Electronics,,,F
CUST1323,Sara Gaber,-1.0,female,sara.gaber@gmail.com,987654321.0,194.79,10/30/2023,Clothing,2.0,,female
CUST1324,Fatma Hassan,-1.0,M,fatma.hassan@yahoo.com,,622.12,5/1/2023,Clothing,1.0,,M
CUST1325,John Gaber,,Female,john.gaber@yahoo.com,123456789.0,666.82,4/7/2023,Home,1.0,,Female
CUST1326,Sara Gaber,,male,sara.gaber@yahoo.com,987654321.0,884.87,32/13/2020,,3.0,,male
CUST1327,John Smith,200.0,Female,john.smith@hotmail.com,987654321.0,291.22,3/3/2024,,,,Female
CUST1328,Fatma Ibrahim,200.0,male,fatma.ibrahim@yahoo.com,987654321.0,473.49,8/9/2024,,3.0,,male
CUST1329,Fatma Smith,,Male,fatma.smith@gmail.com,987654321.0,957.68,7/17/2023,Clothing,3.0,,Male
CUST1330,Sara Gaber,,Female,sara.gaber@gmail.com,123456789.0,850.25,12/16/2024,Clothing,,,Female
CUST1331,Ali Mahmoud,-1.0,Male,ali.mahmoud@hotmail.com,123456789.0,200.3,9/14/2023,,,,Male
CUST1332,Alaa Ali,200.0,M,alaa.ali@gmail.com,987654321.0,311.24,12/2/2023,Electronics,1.0,,M
CUST1333,Fatma Gaber,79.0,M,fatma.gaber@gmail.com,,521.68,12/12/2024,Books,2.0,,M
CUST1334,Alaa Mahmoud,-1.0,M,alaa.mahmoud@gmail.com,987654321.0,558.61,2/28/2024,Clothing,2.0,,M
CUST1335,Alaa Mahmoud,-1.0,female,alaa.mahmoud@yahoo.com,123456789.0,995.41,2/11/2024,Toys,3.0,,female
CUST1336,Alaa Gaber,200.0,F,alaa.gaber@yahoo.com,,677.57,11/4/2023,Toys,1.0,,F
CUST1337,Fatma Ibrahim,-1.0,Female,fatma.ibrahim@hotmail.com,,377.78,5/3/2025,,5.0,,Female
CUST1338,Ahmed Hassan,-1.0,Female,ahmed.hassan@gmail.com,,29.18,7/13/2024,,1.0,,Female
CUST1339,Sara Gaber,-1.0,F,sara.gaber@hotmail.com,987654321.0,204.37,32/13/2020,Books,1.0,,F
CUST1340,Alaa Ali,-1.0,Male,alaa.ali@hotmail.com,123456789.0,,9/25/2023,Home,,,Male
CUST1341,Ahmed Hassan,,Male,ahmed.hassan@yahoo.com,,,2/14/2023,Toys,3.0,,Male
CUST1342,Lina Mahmoud,-1.0,F,lina.mahmoud@hotmail.com,,900.69,6/28/2024,Electronics,10.0,,F
CUST1343,John Smith,200.0,Male,john.smith@hotmail.com,,281.76,6/3/2025,Home,4.0,,Male
CUST1344,Ali Gaber,200.0,male,ali.gaber@yahoo.com,987654321.0,395.81,7/27/2023,Books,10.0,,male
CUST1345,Ahmed Ali,16.0,,ahmed.ali@hotmail.com,,424.65,4/13/2023,,4.0,,
CUST1346,Mark Ali,,,mark.ali@gmail.com,123456789.0,575.19,5/7/2025,Clothing,3.0,,
CUST1347,Sara Ibrahim,200.0,male,sara.ibrahim@hotmail.com,,51.71,5/26/2023,Electronics,3.0,,male
CUST1348,Alaa Gaber,200.0,female,alaa.gaber@yahoo.com,,24.65,3/11/2024,,5.0,,female
CUST1349,Sara Hassan,200.0,Male,sara.hassan@yahoo.com,,802.97,1/17/2025,,3.0,,Male
CUST1350,Sara Ibrahim,-1.0,Female,sara.ibrahim@hotmail.com,987654321.0,552.21,12/20/2024,,10.0,,Female
CUST1351,Ali Gaber,,Female,ali.gaber@yahoo.com,,79.04,7/14/2024,Books,1.0,,Female
CUST1352,Sara Gaber,200.0,male,sara.gaber@gmail.com,123456789.0,,12/28/2023,Clothing,2.0,,male
CUST1353,Sara Hassan,,female,sara.hassan@yahoo.com,123456789.0,803.56,32/13/2020,Clothing,3.0,,female
CUST1354,Ali Ibrahim,35.0,M,ali.ibrahim@hotmail.com,987654321.0,142.92,4/3/2023,Electronics,4.0,,M
CUST1355,Ahmed Ali,200.0,Male,ahmed.ali@hotmail.com,123456789.0,619.61,4/21/2023,Clothing,5.0,,Male
CUST1356,Ahmed Smith,-1.0,F,ahmed.smith@yahoo.com,,594.27,2/15/2023,Electronics,2.0,,F
CUST1357,Mark Ibrahim,200.0,Male,mark.ibrahim@hotmail.com,,535.88,6/8/2025,Home,10.0,,Male
CUST1358,John Hassan,-1.0,F,john.hassan@yahoo.com,,832.52,12/24/2023,Books,4.0,,F
CUST1359,Lina Ali,,female,lina.ali@yahoo.com,987654321.0,14.84,11/22/2022,,3.0,,female
CUST1360,Lina Gaber,200.0,female,lina.gaber@hotmail.com,,730.06,3/13/2024,Home,5.0,,female
CUST1361,Fatma Mahmoud,,male,fatma.mahmoud@gmail.com,987654321.0,405.19,11/19/2022,Clothing,4.0,,male
CUST1362,Sara Smith,,,sara.smith@yahoo.com,,858.88,6/9/2024,,1.0,,
CUST1363,Ali Smith,,Male,ali.smith@hotmail.com,123456789.0,222.59,12/18/2023,Books,10.0,,Male
CUST1364,Lina Ibrahim,,Male,lina.ibrahim@gmail.com,123456789.0,907.0,2/17/2023,,10.0,,Male
CUST1365,Fatma Ali,82.0,Female,fatma.ali@gmail.com,987654321.0,232.94,1/22/2025,Toys,1.0,,Female
CUST1366,Lina Ali,72.0,Female,lina.ali@gmail.com,,797.69,6/5/2023,Clothing,2.0,,Female
CUST1367,Sara Hassan,200.0,male,sara.hassan@yahoo.com,987654321.0,40.38,5/25/2023,,1.0,,male
CUST1368,Fatma Gaber,200.0,Male,fatma.gaber@hotmail.com,,366.88,3/12/2024,,4.0,,Male
CUST1369,Sara Smith,63.0,M,sara.smith@hotmail.com,,326.12,1/23/2025,Home,1.0,,M
CUST1370,John Ibrahim,200.0,,john.ibrahim@yahoo.com,,688.35,6/3/2023,Electronics,4.0,,
CUST1371,Ahmed Gaber,-1.0,,ahmed.gaber@hotmail.com,,919.74,4/18/2025,Home,,,
CUST1372,Sara Smith,200.0,M,sara.smith@yahoo.com,987654321.0,911.74,10/31/2022,Toys,1.0,,M
CUST1373,Ali Ali,-1.0,M,ali.ali@gmail.com,123456789.0,610.0,11/24/2024,Home,,,M
CUST1374,Lina Hassan,40.0,female,lina.hassan@hotmail.com,,351.82,8/3/2023,,1.0,,female
CUST1375,Sara Ali,,female,sara.ali@hotmail.com,123456789.0,376.1,2/17/2024,Home,5.0,,female
CUST1376,Mark Smith,-1.0,,mark.smith@hotmail.com,123456789.0,646.27,7/8/2023,Books,2.0,,
CUST1377,Fatma Smith,200.0,Female,fatma.smith@hotmail.com,,687.64,8/11/2023,Books,3.0,,Female
CUST1378,Mark Ali,,Female,mark.ali@hotmail.com,,31.89,5/8/2024,,2.0,,Female
CUST1379,Fatma Smith,67.0,M,fatma.smith@hotmail.com,,804.1,2/20/2023,Clothing,3.0,,M
CUST1380,Fatma Ibrahim,22.0,Male,fatma.ibrahim@hotmail.com,,887.01,32/13/2020,Books,1.0,,Male
CUST1381,Fatma Hassan,,M,fatma.hassan@yahoo.com,,237.62,1/28/2024,Toys,5.0,,M
CUST1382,Lina Mahmoud,200.0,male,lina.mahmoud@gmail.com,123456789.0,120.37,6/30/2024,Home,10.0,,male
CUST1383,John Hassan,-1.0,,john.hassan@gmail.com,,294.38,3/6/2025,,4.0,,
CUST1384,Fatma Gaber,,,fatma.gaber@yahoo.com,123456789.0,212.04,3/16/2023,Toys,2.0,,
CUST1385,Ali Ibrahim,200.0,male,ali.ibrahim@yahoo.com,,425.09,32/13/2020,,10.0,,male
CUST1386,Fatma Ali,200.0,Female,fatma.ali@hotmail.com,123456789.0,995.55,11/12/2022,Clothing,4.0,,Female
CUST1387,Fatma Smith,57.0,Male,fatma.smith@yahoo.com,,775.67,4/5/2025,,10.0,,Male
CUST1388,Alaa Hassan,-1.0,Male,alaa.hassan@hotmail.com,,228.06,9/22/2024,Books,1.0,,Male
CUST1389,Ali Ibrahim,,Male,ali.ibrahim@hotmail.com,,433.68,4/19/2024,Toys,,,Male
CUST1390,Alaa Hassan,,F,alaa.hassan@gmail.com,987654321.0,20.48,7/3/2024,Home,4.0,,F
CUST1391,Alaa Ali,,F,alaa.ali@gmail.com,123456789.0,663.65,12/10/2022,Clothing,3.0,,F
CUST1392,Sara Mahmoud,71.0,F,sara.mahmoud@hotmail.com,,751.33,4/6/2024,Clothing,,,F
CUST1393,Ali Ibrahim,-1.0,F,ali.ibrahim@gmail.com,123456789.0,69.21,9/10/2023,Home,10.0,,F
CUST1394,Ali Smith,200.0,F,ali.smith@hotmail.com,,,3/7/2025,Home,3.0,,F
CUST1395,Lina Smith,34.0,M,lina.smith@gmail.com,987654321.0,263.31,12/16/2023,,2.0,,M
CUST1396,Fatma Mahmoud,50.0,Female,fatma.mahmoud@hotmail.com,123456789.0,649.52,5/15/2023,Toys,2.0,,Female
CUST1397,Fatma Hassan,,Female,fatma.hassan@hotmail.com,987654321.0,217.49,6/6/2024,Clothing,1.0,,Female
CUST1398,Alaa Ali,,M,alaa.ali@hotmail.com,987654321.0,886.49,6/3/2024,,1.0,,M
CUST1399,Sara Mahmoud,19.0,male,sara.mahmoud@yahoo.com,,116.5,2/23/2023,,1.0,,male
CUST1400,Mark Mahmoud,,male,mark.mahmoud@hotmail.com,,797.04,9/23/2023,,3.0,,male
CUST1401,Lina Ibrahim,,male,lina.ibrahim@gmail.com,987654321.0,968.8,32/13/2020,Clothing,,,male
CUST1402,Mark Gaber,200.0,M,mark.gaber@gmail.com,,517.27,10/25/2023,Home,10.0,,M
CUST1403,John Smith,81.0,Female,john.smith@hotmail.com,,916.2,6/27/2024,Clothing,1.0,,Female
CUST1404,Mark Ibrahim,48.0,,mark.ibrahim@yahoo.com,,633.85,32/13/2020,Toys,5.0,,
CUST1405,Ali Gaber,200.0,Female,ali.gaber@yahoo.com,123456789.0,738.83,7/22/2024,Books,,,Female
CUST1406,John Smith,,Female,john.smith@gmail.com,987654321.0,391.83,6/19/2025,,2.0,,Female
CUST1407,Alaa Ibrahim,46.0,male,alaa.ibrahim@yahoo.com,123456789.0,743.46,6/29/2025,,3.0,,male
CUST1408,Sara Ibrahim,,male,sara.ibrahim@gmail.com,,778.85,5/14/2023,,4.0,,male
CUST1409,Sara Smith,,F,sara.smith@gmail.com,,796.85,7/22/2024,,4.0,,F
CUST1410,Mark Hassan,-1.0,F,mark.hassan@yahoo.com,,603.89,10/31/2024,,,,F
CUST1411,Fatma Ibrahim,30.0,Male,fatma.ibrahim@hotmail.com,,388.84,9/25/2023,Electronics,10.0,,Male
CUST1412,Ali Mahmoud,,M,ali.mahmoud@gmail.com,123456789.0,69.6,5/6/2024,Books,4.0,,M
CUST1413,Ali Ibrahim,200.0,female,ali.ibrahim@gmail.com,123456789.0,75.97,12/29/2023,Home,2.0,,female
CUST1414,Alaa Gaber,-1.0,Female,alaa.gaber@hotmail.com,,989.08,4/8/2025,Books,5.0,,Female
CUST1415,Ahmed Gaber,,F,ahmed.gaber@hotmail.com,,805.24,11/2/2022,,4.0,,F
CUST1416,Sara Gaber,200.0,Female,sara.gaber@yahoo.com,123456789.0,589.09,10/5/2024,Clothing,,,Female
CUST1417,Fatma Gaber,71.0,F,fatma.gaber@hotmail.com,123456789.0,519.42,11/1/2024,,3.0,,F
CUST1418,Ali Ali,-1.0,M,ali.ali@hotmail.com,,994.98,7/4/2025,Toys,3.0,,M
CUST1419,Sara Ibrahim,,female,sara.ibrahim@yahoo.com,123456789.0,788.32,4/7/2025,Electronics,2.0,,female
CUST1420,Lina Gaber,50.0,Male,lina.gaber@gmail.com,,607.73,12/30/2023,Home,10.0,,Male
CUST1421,Lina Gaber,200.0,F,lina.gaber@gmail.com,987654321.0,914.12,1/4/2025,Clothing,10.0,,F
CUST1422,Alaa Ibrahim,52.0,,alaa.ibrahim@gmail.com,,522.54,3/21/2023,,,,
CUST1423,Ahmed Ibrahim,-1.0,Male,ahmed.ibrahim@gmail.com,,145.66,10/29/2023,Books,3.0,,Male
CUST1424,John Ali,80.0,M,john.ali@gmail.com,987654321.0,999.23,6/30/2024,Toys,5.0,,M
CUST1425,Fatma Hassan,-1.0,Female,fatma.hassan@yahoo.com,123456789.0,975.34,3/26/2024,Electronics,2.0,,Female
CUST1426,Alaa Mahmoud,200.0,F,alaa.mahmoud@yahoo.com,123456789.0,595.84,3/30/2024,Clothing,1.0,,F
CUST1427,Ali Ali,-1.0,M,ali.ali@yahoo.com,123456789.0,,4/12/2023,Books,2.0,,M
CUST1428,John Gaber,27.0,M,john.gaber@hotmail.com,123456789.0,28.63,10/3/2024,,2.0,,M
CUST1429,Sara Smith,-1.0,F,sara.smith@yahoo.com,987654321.0,664.35,4/2/2023,,5.0,,F
CUST1430,Mark Ibrahim,,Male,mark.ibrahim@gmail.com,,706.1,5/10/2024,Books,,,Male
CUST1431,John Ali,30.0,female,john.ali@yahoo.com,123456789.0,185.57,9/19/2023,Toys,10.0,,female
CUST1432,Sara Mahmoud,200.0,Female,sara.mahmoud@yahoo.com,,32.55,12/27/2024,Clothing,1.0,,Female
CUST1433,John Mahmoud,,F,john.mahmoud@hotmail.com,,835.0,1/22/2024,,2.0,,F
CUST1434,Lina Ali,200.0,Male,lina.ali@gmail.com,,241.62,8/9/2024,,5.0,,Male
CUST1435,Ali Ali,21.0,F,ali.ali@gmail.com,,680.91,1/30/2024,,10.0,,F
CUST1436,Lina Ibrahim,200.0,female,lina.ibrahim@gmail.com,987654321.0,965.04,7/4/2024,,2.0,,female
CUST1437,Mark Smith,-1.0,Female,mark.smith@gmail.com,123456789.0,433.8,7/17/2025,Home,,,Female
CUST1438,Fatma Gaber,-1.0,,fatma.gaber@yahoo.com,,549.1,7/19/2023,,,,
CUST1439,Alaa Smith,82.0,female,alaa.smith@hotmail.com,,824.07,6/19/2024,Electronics,10.0,,female
CUST1440,Ahmed Ibrahim,-1.0,F,ahmed.ibrahim@yahoo.com,123456789.0,107.44,3/11/2023,Electronics,5.0,,F
CUST1441,Mark Mahmoud,200.0,M,mark.mahmoud@yahoo.com,123456789.0,234.2,32/13/2020,,2.0,,M
CUST1442,Sara Gaber,-1.0,Male,sara.gaber@yahoo.com,987654321.0,314.29,1/8/2024,Home,10.0,,Male
CUST1443,Lina Hassan,-1.0,,lina.hassan@gmail.com,,174.35,2/8/2023,Toys,2.0,,
CUST1444,Alaa Ibrahim,22.0,F,alaa.ibrahim@hotmail.com,123456789.0,730.76,9/22/2023,Home,5.0,,F
CUST1445,Lina Ibrahim,-1.0,male,lina.ibrahim@hotmail.com,,383.7,1/4/2024,Toys,,,male
CUST1446,Sara Ibrahim,-1.0,female,sara.ibrahim@hotmail.com,,302.43,8/26/2023,Home,5.0,,female
CUST1447,Mark Mahmoud,66.0,male,mark.mahmoud@hotmail.com,987654321.0,462.47,8/4/2023,Toys,5.0,,male
CUST1448,Sara Mahmoud,200.0,male,sara.mahmoud@gmail.com,987654321.0,255.01,6/21/2024,,3.0,,male
CUST1449,Ahmed Hassan,53.0,female,ahmed.hassan@yahoo.com,,833.13,9/8/2024,Home,2.0,,female
CUST1450,Ali Hassan,87.0,male,ali.hassan@gmail.com,123456789.0,814.29,4/8/2025,Books,5.0,,male
CUST1451,John Mahmoud,40.0,M,john.mahmoud@hotmail.com,,,9/11/2023,Clothing,,,M
CUST1452,Sara Mahmoud,,Male,sara.mahmoud@hotmail.com,,862.72,1/24/2025,Home,,,Male
CUST1453,Fatma Ibrahim,-1.0,F,fatma.ibrahim@yahoo.com,987654321.0,387.83,5/31/2024,,4.0,,F
CUST1454,Fatma Gaber,69.0,Male,fatma.gaber@yahoo.com,,53.71,12/3/2024,Clothing,4.0,,Male
CUST1455,Ahmed Hassan,,Female,ahmed.hassan@hotmail.com,,979.43,5/11/2023,Home,,,Female
CUST1456,Mark Gaber,-1.0,M,mark.gaber@gmail.com,,934.35,12/9/2023,Home,,,M
CUST1457,Fatma Gaber,60.0,M,fatma.gaber@yahoo.com,123456789.0,85.72,10/2/2024,,1.0,,M
CUST1458,John Mahmoud,63.0,F,john.mahmoud@gmail.com,987654321.0,266.57,2/3/2024,Clothing,2.0,,F
CUST1459,Mark Gaber,,F,mark.gaber@hotmail.com,,855.43,5/29/2025,,5.0,,F
CUST1460,Fatma Smith,,Male,fatma.smith@gmail.com,123456789.0,494.9,8/22/2024,Books,1.0,,Male
CUST1461,Mark Hassan,-1.0,male,mark.hassan@hotmail.com,987654321.0,278.31,7/13/2024,Electronics,5.0,,male
CUST1462,Lina Gaber,200.0,M,lina.gaber@yahoo.com,123456789.0,340.25,10/26/2023,Toys,5.0,,M
CUST1463,Alaa Mahmoud,200.0,,alaa.mahmoud@yahoo.com,,22.17,4/27/2024,Electronics,,,
CUST1464,Fatma Mahmoud,-1.0,,fatma.mahmoud@yahoo.com,987654321.0,25.35,12/23/2024,,2.0,,
CUST1465,Mark Ali,,F,mark.ali@yahoo.com,,284.98,11/6/2024,Clothing,4.0,,F
CUST1466,Ali Smith,200.0,male,ali.smith@yahoo.com,987654321.0,558.41,9/17/2023,Electronics,1.0,,male
CUST1467,John Mahmoud,,Female,john.mahmoud@yahoo.com,987654321.0,825.72,12/28/2023,Electronics,,,Female
CUST1468,John Gaber,-1.0,male,john.gaber@hotmail.com,123456789.0,,9/6/2024,,5.0,,male
CUST1469,Lina Smith,-1.0,male,lina.smith@gmail.com,123456789.0,606.79,10/24/2024,Clothing,4.0,,male
CUST1470,Mark Ibrahim,200.0,Male,mark.ibrahim@hotmail.com,,364.8,4/6/2023,Home,5.0,,Male
CUST1471,Sara Smith,73.0,F,sara.smith@hotmail.com,,395.41,9/25/2024,Electronics,,,F
CUST1472,John Smith,,Male,john.smith@gmail.com,987654321.0,822.47,11/5/2022,Books,4.0,,Male
CUST1473,Sara Ibrahim,-1.0,Female,sara.ibrahim@gmail.com,,454.3,8/17/2024,Books,10.0,,Female
CUST1474,Ali Hassan,-1.0,male,ali.hassan@gmail.com,,397.42,4/10/2023,,2.0,,male
CUST1475,Mark Ibrahim,,M,mark.ibrahim@hotmail.com,123456789.0,958.05,2/29/2024,Electronics,3.0,,M
CUST1476,Ali Smith,-1.0,male,ali.smith@hotmail.com,123456789.0,798.02,8/23/2023,Clothing,4.0,,male
CUST1477,Ahmed Smith,-1.0,Male,ahmed.smith@yahoo.com,,317.29,8/25/2023,,,,Male
CUST1478,Fatma Hassan,,F,fatma.hassan@gmail.com,123456789.0,207.48,11/3/2024,,,,F
CUST1479,Lina Gaber,,F,lina.gaber@gmail.com,987654321.0,,10/11/2024,Books,10.0,,F
CUST1480,Ali Gaber,200.0,male,ali.gaber@yahoo.com,,532.98,11/30/2023,Electronics,,,male
CUST1481,Alaa Ali,-1.0,Male,alaa.ali@hotmail.com,987654321.0,668.34,10/14/2024,Clothing,2.0,,Male
CUST1482,Lina Smith,-1.0,female,lina.smith@yahoo.com,123456789.0,890.73,8/13/2024,Home,,,female
CUST1483,Ali Smith,200.0,female,ali.smith@hotmail.com,123456789.0,736.61,3/8/2024,Clothing,3.0,,female
CUST1484,Fatma Hassan,-1.0,M,fatma.hassan@gmail.com,,963.78,2/17/2023,Home,,,M
CUST1485,Lina Smith,-1.0,Female,lina.smith@hotmail.com,,125.45,10/9/2023,Books,2.0,,Female
CUST1486,Lina Mahmoud,-1.0,M,lina.mahmoud@yahoo.com,123456789.0,121.63,8/4/2024,Electronics,,,M
CUST1487,Ahmed Hassan,84.0,female,ahmed.hassan@hotmail.com,123456789.0,685.83,8/31/2024,Clothing,3.0,,female
CUST1488,Ali Ibrahim,200.0,female,ali.ibrahim@gmail.com,,947.34,8/7/2023,Home,5.0,,female
CUST1489,Mark Smith,200.0,M,mark.smith@yahoo.com,,86.56,12/7/2023,Books,4.0,,M
CUST1490,Sara Smith,-1.0,M,sara.smith@gmail.com,,968.33,9/16/2024,Home,,,M
CUST1491,Sara Hassan,,female,sara.hassan@gmail.com,987654321.0,300.1,8/7/2023,,,,female
CUST1492,Alaa Hassan,200.0,male,alaa.hassan@gmail.com,987654321.0,625.04,6/9/2023,,10.0,,male
CUST1493,Fatma Ibrahim,66.0,Female,fatma.ibrahim@yahoo.com,,709.02,5/14/2023,,4.0,,Female
CUST1494,Ahmed Hassan,,female,ahmed.hassan@hotmail.com,123456789.0,778.69,4/8/2023,,4.0,,female
CUST1495,Sara Ibrahim,-1.0,M,sara.ibrahim@gmail.com,123456789.0,903.81,32/13/2020,Books,,,M
CUST1496,John Hassan,-1.0,Female,john.hassan@hotmail.com,987654321.0,391.26,5/3/2025,Toys,5.0,,Female
CUST1497,John Mahmoud,200.0,,john.mahmoud@hotmail.com,987654321.0,520.06,5/23/2024,Electronics,5.0,,
CUST1498,Mark Hassan,200.0,F,mark.hassan@hotmail.com,,324.24,7/5/2025,Toys,3.0,,F
CUST1499,Fatma Gaber,200.0,female,fatma.gaber@hotmail.com,987654321.0,909.83,10/30/2022,Clothing,4.0,,female
CUST1500,Ahmed Ali,72.0,Female,ahmed.ali@yahoo.com,,910.91,11/30/2024,Books,5.0,,Female
CUST1501,Ali Ali,65.0,female,ali.ali@yahoo.com,123456789.0,80.13,32/13/2020,Electronics,5.0,,female
CUST1502,Mark Ali,21.0,,mark.ali@hotmail.com,987654321.0,114.9,5/21/2025,Home,,,
CUST1503,Lina Ibrahim,200.0,Male,lina.ibrahim@yahoo.com,,194.24,4/13/2023,Clothing,3.0,,Male
CUST1504,Alaa Ibrahim,56.0,F,alaa.ibrahim@hotmail.com,,964.52,11/8/2022,,2.0,,F
CUST1505,Fatma Gaber,-1.0,male,fatma.gaber@gmail.com,,567.93,4/24/2024,Electronics,3.0,,male
CUST1506,Ali Gaber,36.0,Female,ali.gaber@gmail.com,987654321.0,204.66,7/24/2023,Toys,5.0,,Female
CUST1507,Fatma Ali,,,fatma.ali@yahoo.com,,329.3,12/22/2022,Home,10.0,,
CUST1508,Alaa Ibrahim,-1.0,Female,alaa.ibrahim@gmail.com,,596.82,6/6/2025,,1.0,,Female
CUST1509,Lina Gaber,,,lina.gaber@gmail.com,987654321.0,952.9,12/13/2022,Books,3.0,,
CUST1510,Alaa Smith,-1.0,M,alaa.smith@gmail.com,,956.7,5/12/2024,Toys,4.0,,M
CUST1511,John Smith,200.0,,john.smith@gmail.com,123456789.0,711.26,11/12/2023,Books,5.0,,
CUST1512,Sara Gaber,,male,sara.gaber@hotmail.com,123456789.0,981.65,8/28/2023,Clothing,5.0,,male
CUST1513,Alaa Smith,200.0,,alaa.smith@gmail.com,987654321.0,84.61,11/9/2023,Toys,,,
CUST1514,Mark Ibrahim,,F,mark.ibrahim@gmail.com,123456789.0,971.83,4/26/2025,,2.0,,F
CUST1515,Ahmed Hassan,200.0,M,ahmed.hassan@yahoo.com,,789.24,2/17/2025,Toys,1.0,,M
CUST1516,Mark Hassan,22.0,Male,mark.hassan@gmail.com,123456789.0,95.19,11/4/2023,Books,10.0,,Male
CUST1517,Ali Mahmoud,,F,ali.mahmoud@yahoo.com,123456789.0,148.97,3/3/2024,Books,4.0,,F
CUST1518,Ali Hassan,200.0,Male,ali.hassan@hotmail.com,123456789.0,964.28,3/17/2025,Books,1.0,,Male
CUST1519,John Mahmoud,-1.0,Male,john.mahmoud@gmail.com,,560.86,7/9/2025,,5.0,,Male
CUST1520,Ahmed Smith,-1.0,Male,ahmed.smith@gmail.com,,377.46,6/27/2024,Books,3.0,,Male
CUST1521,Alaa Smith,88.0,Female,alaa.smith@hotmail.com,,778.35,12/31/2024,,10.0,,Female
CUST1522,John Gaber,200.0,M,john.gaber@hotmail.com,,59.15,5/1/2025,,1.0,,M
CUST1523,Ahmed Gaber,-1.0,Male,ahmed.gaber@yahoo.com,,691.73,10/17/2023,Home,5.0,,Male
CUST1524,Alaa Gaber,-1.0,Male,alaa.gaber@hotmail.com,,,6/6/2023,Toys,,,Male
CUST1525,Ali Ibrahim,200.0,Female,ali.ibrahim@gmail.com,,444.22,6/4/2025,,10.0,,Female
CUST1526,Sara Hassan,200.0,Female,sara.hassan@yahoo.com,123456789.0,935.32,9/16/2023,Books,2.0,,Female
CUST1527,Lina Smith,41.0,Male,lina.smith@hotmail.com,987654321.0,254.41,5/22/2025,Books,10.0,,Male
CUST1528,John Smith,200.0,male,john.smith@gmail.com,987654321.0,928.22,4/3/2023,Books,1.0,,male
CUST1529,Sara Gaber,78.0,Female,sara.gaber@hotmail.com,987654321.0,880.22,8/21/2023,Books,4.0,,Female
CUST1530,Ahmed Hassan,200.0,male,ahmed.hassan@hotmail.com,,894.06,6/18/2023,,5.0,,male
CUST1531,Lina Ibrahim,85.0,female,lina.ibrahim@gmail.com,,302.7,7/3/2025,Clothing,10.0,,female
CUST1532,Fatma Ibrahim,-1.0,Female,fatma.ibrahim@gmail.com,,136.42,8/22/2024,,1.0,,Female
CUST1533,Lina Gaber,,Female,lina.gaber@hotmail.com,,498.06,7/23/2025,Books,3.0,,Female
CUST1534,Lina Ibrahim,56.0,M,lina.ibrahim@gmail.com,,480.31,3/6/2024,Electronics,4.0,,M
CUST1535,Lina Ali,46.0,F,lina.ali@gmail.com,,741.91,12/29/2022,Electronics,10.0,,F
CUST1536,Ahmed Mahmoud,67.0,male,ahmed.mahmoud@hotmail.com,123456789.0,103.05,1/13/2025,Clothing,2.0,,male
CUST1537,Fatma Smith,64.0,,fatma.smith@yahoo.com,987654321.0,784.25,6/22/2024,Clothing,2.0,,
CUST1538,Ali Hassan,-1.0,male,ali.hassan@hotmail.com,123456789.0,754.93,9/11/2024,,1.0,,male
CUST1539,Ahmed Mahmoud,200.0,Male,ahmed.mahmoud@yahoo.com,,846.35,32/13/2020,Home,2.0,,Male
CUST1540,John Gaber,77.0,M,john.gaber@gmail.com,123456789.0,921.28,12/25/2023,Electronics,3.0,,M
CUST1541,Lina Ibrahim,-1.0,M,lina.ibrahim@yahoo.com,,155.98,3/3/2025,Toys,10.0,,M
CUST1542,Alaa Smith,200.0,male,alaa.smith@yahoo.com,,85.3,2/23/2025,Home,,,male
CUST1543,Sara Ibrahim,200.0,F,sara.ibrahim@gmail.com,,29.38,9/30/2023,Electronics,5.0,,F
CUST1544,Ahmed Ibrahim,,M,ahmed.ibrahim@yahoo.com,123456789.0,120.0,1/17/2023,Books,10.0,,M
CUST1545,Sara Mahmoud,-1.0,M,sara.mahmoud@yahoo.com,,881.42,7/9/2025,Clothing,3.0,,M
CUST1546,John Ali,200.0,M,john.ali@gmail.com,,183.48,1/6/2024,Home,3.0,,M
CUST1547,Alaa Smith,,M,alaa.smith@hotmail.com,,853.06,7/4/2024,,1.0,,M
CUST1548,Alaa Gaber,200.0,,alaa.gaber@yahoo.com,987654321.0,556.95,1/31/2023,Electronics,10.0,,
CUST1549,Lina Ali,200.0,F,lina.ali@hotmail.com,987654321.0,793.73,11/18/2022,Toys,1.0,,F
CUST1550,Fatma Hassan,200.0,Female,fatma.hassan@gmail.com,987654321.0,893.87,7/3/2023,Clothing,,,Female
CUST1551,Alaa Mahmoud,72.0,male,alaa.mahmoud@yahoo.com,,23.46,2/13/2025,,10.0,,male
CUST1552,Fatma Gaber,,female,fatma.gaber@yahoo.com,987654321.0,432.89,2/17/2023,Electronics,2.0,,female
CUST1553,Sara Ibrahim,-1.0,female,sara.ibrahim@hotmail.com,123456789.0,859.53,1/13/2025,Books,3.0,,female
CUST1554,Sara Gaber,57.0,F,sara.gaber@hotmail.com,,502.53,6/21/2025,,3.0,,F
CUST1555,Sara Smith,,M,sara.smith@gmail.com,,116.19,2/11/2023,,1.0,,M
CUST1556,John Mahmoud,200.0,male,john.mahmoud@hotmail.com,,237.03,5/22/2023,Books,,,male
CUST1557,Alaa Ali,,male,alaa.ali@hotmail.com,123456789.0,430.51,32/13/2020,Home,,,male
CUST1558,Alaa Gaber,-1.0,female,alaa.gaber@gmail.com,,907.02,11/13/2024,Electronics,4.0,,female
CUST1559,Ali Ibrahim,56.0,,ali.ibrahim@yahoo.com,,279.27,8/19/2024,Electronics,3.0,,
CUST1560,Alaa Ibrahim,200.0,Male,alaa.ibrahim@yahoo.com,123456789.0,861.41,5/25/2023,,1.0,,Male
CUST1561,Fatma Mahmoud,-1.0,,fatma.mahmoud@gmail.com,,220.77,3/31/2023,Books,10.0,,
CUST1562,Lina Hassan,-1.0,F,lina.hassan@gmail.com,,817.83,10/17/2024,Clothing,10.0,,F
CUST1563,John Ibrahim,200.0,,john.ibrahim@hotmail.com,,942.39,3/26/2024,Toys,3.0,,
CUST1564,Sara Ibrahim,,Female,sara.ibrahim@hotmail.com,,410.69,5/31/2025,Electronics,10.0,,Female
CUST1565,Lina Smith,-1.0,Male,lina.smith@yahoo.com,,149.73,2/1/2023,Toys,2.0,,Male
CUST1566,Mark Smith,49.0,,mark.smith@gmail.com,,105.86,9/1/2024,Books,5.0,,
CUST1567,Ahmed Hassan,,male,ahmed.hassan@yahoo.com,123456789.0,891.41,10/13/2023,Clothing,3.0,,male
CUST1568,Ahmed Ibrahim,200.0,Male,ahmed.ibrahim@yahoo.com,,299.36,3/10/2025,,3.0,,Male
CUST1569,Ali Ibrahim,-1.0,,ali.ibrahim@gmail.com,,73.05,6/20/2023,Books,10.0,,
CUST1570,John Ibrahim,48.0,female,john.ibrahim@hotmail.com,,68.41,3/8/2024,Toys,3.0,,female
CUST1571,Alaa Ali,66.0,,alaa.ali@yahoo.com,,987.4,5/2/2025,Electronics,,,
CUST1572,Lina Gaber,45.0,,lina.gaber@gmail.com,123456789.0,543.1,1/11/2023,Electronics,10.0,,
CUST1573,Sara Hassan,200.0,female,sara.hassan@gmail.com,123456789.0,345.42,4/5/2025,,10.0,,female
CUST1574,Alaa Hassan,,M,alaa.hassan@gmail.com,123456789.0,64.47,9/22/2023,Books,5.0,,M
CUST1575,John Mahmoud,-1.0,Female,john.mahmoud@gmail.com,,820.32,3/24/2025,Books,1.0,,Female
CUST1576,Alaa Smith,200.0,male,alaa.smith@hotmail.com,,687.85,12/3/2023,Books,1.0,,male
CUST1577,Mark Ibrahim,200.0,F,mark.ibrahim@gmail.com,123456789.0,449.64,5/1/2024,Clothing,,,F
CUST1578,Ali Smith,,male,ali.smith@gmail.com,987654321.0,,32/13/2020,,5.0,,male
CUST1579,Ahmed Ali,,M,ahmed.ali@yahoo.com,123456789.0,311.98,12/26/2024,Home,,,M
CUST1580,Ali Hassan,,M,ali.hassan@hotmail.com,,183.34,2/13/2024,Toys,10.0,,M
CUST1581,Alaa Hassan,200.0,F,alaa.hassan@gmail.com,,148.41,3/23/2025,,3.0,,F
CUST1582,Alaa Ali,38.0,female,alaa.ali@yahoo.com,987654321.0,,5/14/2025,,1.0,,female
CUST1583,Sara Hassan,200.0,F,sara.hassan@gmail.com,987654321.0,549.44,12/18/2023,Clothing,5.0,,F
CUST1584,Fatma Ali,-1.0,,fatma.ali@gmail.com,,545.1,10/2/2024,,4.0,,
CUST1585,Lina Mahmoud,-1.0,Female,lina.mahmoud@gmail.com,987654321.0,147.78,4/1/2025,Home,4.0,,Female
CUST1586,Ahmed Smith,-1.0,female,ahmed.smith@hotmail.com,,563.77,5/25/2023,,2.0,,female
CUST1587,John Ali,,M,john.ali@yahoo.com,123456789.0,843.11,11/24/2024,Home,3.0,,M
CUST1588,Alaa Smith,90.0,female,alaa.smith@gmail.com,987654321.0,650.91,8/25/2023,Home,,,female
CUST1589,Ali Ali,-1.0,,ali.ali@gmail.com,,790.08,3/18/2025,Home,1.0,,
CUST1590,Alaa Mahmoud,,,alaa.mahmoud@hotmail.com,,785.97,12/9/2024,,1.0,,
CUST1591,Alaa Smith,200.0,male,alaa.smith@yahoo.com,,125.98,11/22/2022,Clothing,4.0,,male
CUST1592,John Mahmoud,200.0,male,john.mahmoud@hotmail.com,987654321.0,190.64,1/15/2025,,3.0,,male
CUST1593,Sara Hassan,-1.0,Male,sara.hassan@gmail.com,,250.25,3/14/2025,Home,3.0,,Male
CUST1594,John Ibrahim,200.0,male,john.ibrahim@hotmail.com,123456789.0,,4/22/2023,Clothing,5.0,,male
CUST1595,Lina Mahmoud,77.0,Male,lina.mahmoud@yahoo.com,,667.95,3/5/2025,Clothing,4.0,,Male
CUST1596,Sara Ibrahim,200.0,Male,sara.ibrahim@gmail.com,123456789.0,734.3,5/22/2024,,,,Male
CUST1597,Ali Hassan,,female,ali.hassan@hotmail.com,,51.87,7/15/2024,Toys,3.0,,female
CUST1598,Mark Ibrahim,,M,mark.ibrahim@yahoo.com,,984.22,32/13/2020,Electronics,4.0,,M
CUST1599,Fatma Smith,200.0,F,fatma.smith@yahoo.com,,467.98,1/10/2023,Books,1.0,,F
CUST1600,Lina Hassan,200.0,male,lina.hassan@gmail.com,,884.44,3/6/2025,Home,5.0,,male
CUST1601,Fatma Ali,54.0,male,fatma.ali@gmail.com,,820.41,7/28/2024,,5.0,,male
CUST1602,Alaa Gaber,-1.0,Male,alaa.gaber@yahoo.com,987654321.0,259.04,1/7/2023,Electronics,1.0,,Male
CUST1603,Fatma Ibrahim,200.0,,fatma.ibrahim@yahoo.com,123456789.0,894.83,9/17/2024,Toys,4.0,,
CUST1604,Ali Mahmoud,-1.0,Male,ali.mahmoud@yahoo.com,123456789.0,872.56,2/6/2024,,1.0,,Male
CUST1605,Lina Ali,80.0,Female,lina.ali@hotmail.com,,789.42,8/13/2024,,,,Female
CUST1606,John Smith,,Female,john.smith@gmail.com,,346.18,10/1/2024,Clothing,3.0,,Female
CUST1607,Lina Ali,200.0,female,lina.ali@yahoo.com,987654321.0,316.66,9/27/2024,Electronics,2.0,,female
CUST1608,Ahmed Ibrahim,74.0,Female,ahmed.ibrahim@hotmail.com,,931.21,7/30/2024,,4.0,,Female
CUST1609,Fatma Ali,79.0,F,fatma.ali@hotmail.com,,783.2,7/7/2024,Books,1.0,,F
CUST1610,Ali Smith,-1.0,Male,ali.smith@hotmail.com,123456789.0,69.35,12/17/2022,Books,2.0,,Male
CUST1611,Fatma Hassan,39.0,Male,fatma.hassan@hotmail.com,987654321.0,339.74,4/28/2024,,4.0,,Male
CUST1612,Lina Ibrahim,,Male,lina.ibrahim@gmail.com,987654321.0,215.4,1/1/2025,Home,,,Male
CUST1613,John Smith,200.0,F,john.smith@gmail.com,123456789.0,581.83,9/23/2024,Toys,2.0,,F
CUST1614,Sara Ali,64.0,Male,sara.ali@yahoo.com,123456789.0,572.71,1/29/2023,Toys,,,Male
CUST1615,Ali Smith,,female,ali.smith@yahoo.com,,679.96,8/21/2024,Toys,,,female
CUST1616,John Ibrahim,-1.0,M,john.ibrahim@yahoo.com,,543.87,11/23/2023,,,,M
CUST1617,Sara Hassan,200.0,female,sara.hassan@hotmail.com,123456789.0,746.9,32/13/2020,,4.0,,female
CUST1618,Alaa Gaber,200.0,M,alaa.gaber@hotmail.com,123456789.0,456.41,10/16/2024,,3.0,,M
CUST1619,Lina Gaber,200.0,female,lina.gaber@gmail.com,123456789.0,,12/21/2022,Electronics,1.0,,female
CUST1620,Alaa Smith,-1.0,F,alaa.smith@hotmail.com,987654321.0,213.04,32/13/2020,Toys,1.0,,F
CUST1621,Fatma Hassan,200.0,Male,fatma.hassan@hotmail.com,,37.22,2/18/2024,Books,3.0,,Male
CUST1622,Sara Hassan,-1.0,,sara.hassan@yahoo.com,,270.64,6/23/2024,,,,
CUST1623,Alaa Smith,21.0,Female,alaa.smith@yahoo.com,,706.71,5/7/2025,Electronics,5.0,,Female
CUST1624,Mark Mahmoud,200.0,F,mark.mahmoud@gmail.com,,222.07,4/11/2024,Books,4.0,,F
CUST1625,Fatma Ibrahim,-1.0,Female,fatma.ibrahim@hotmail.com,,318.73,2/21/2024,,5.0,,Female
CUST1626,Ahmed Ali,-1.0,M,ahmed.ali@yahoo.com,,175.15,2/10/2025,Home,,,M
CUST1627,Ali Smith,22.0,F,ali.smith@gmail.com,,704.24,11/3/2022,Books,4.0,,F
CUST1628,Ahmed Ibrahim,,M,ahmed.ibrahim@hotmail.com,,580.16,5/24/2023,Books,2.0,,M
CUST1629,Sara Hassan,43.0,Female,sara.hassan@yahoo.com,123456789.0,394.89,11/18/2022,Books,3.0,,Female
CUST1630,Sara Smith,-1.0,,sara.smith@yahoo.com,,724.41,6/12/2023,Clothing,2.0,,
CUST1631,Lina Mahmoud,18.0,Female,lina.mahmoud@gmail.com,,998.16,10/9/2023,Books,5.0,,Female
CUST1632,John Ibrahim,200.0,Male,john.ibrahim@yahoo.com,123456789.0,352.96,10/4/2023,Clothing,2.0,,Male
CUST1633,Sara Gaber,-1.0,male,sara.gaber@hotmail.com,,576.84,1/16/2024,Clothing,4.0,,male
CUST1634,John Hassan,-1.0,,john.hassan@hotmail.com,987654321.0,389.59,1/10/2024,,10.0,,
CUST1635,Ali Smith,200.0,Female,ali.smith@yahoo.com,,553.52,6/26/2024,Toys,1.0,,Female
CUST1636,Ahmed Ibrahim,,Male,ahmed.ibrahim@gmail.com,,474.8,3/21/2025,Home,,,Male
CUST1637,Sara Smith,200.0,Female,sara.smith@gmail.com,,451.41,2/13/2023,,10.0,,Female
CUST1638,Ahmed Ali,32.0,Female,ahmed.ali@yahoo.com,,817.01,12/4/2023,Home,3.0,,Female
CUST1639,Mark Hassan,,Female,mark.hassan@gmail.com,,465.11,10/7/2023,Electronics,5.0,,Female
CUST1640,Alaa Smith,37.0,Male,alaa.smith@yahoo.com,,654.18,3/10/2023,,,,Male
CUST1641,Ahmed Ibrahim,68.0,Female,ahmed.ibrahim@gmail.com,,766.77,3/23/2024,,4.0,,Female
CUST1642,Mark Hassan,200.0,male,mark.hassan@yahoo.com,987654321.0,911.05,10/17/2024,Toys,,,male
CUST1643,Sara Ali,88.0,Female,sara.ali@hotmail.com,123456789.0,722.13,12/5/2022,,10.0,,Female
CUST1644,John Ali,200.0,male,john.ali@gmail.com,987654321.0,670.35,9/1/2024,Toys,10.0,,male
CUST1645,Ali Mahmoud,200.0,,ali.mahmoud@yahoo.com,,580.94,9/24/2024,,10.0,,
CUST1646,Ahmed Smith,200.0,,ahmed.smith@yahoo.com,,690.67,8/26/2023,Home,4.0,,
CUST1647,Ali Ibrahim,200.0,Female,ali.ibrahim@hotmail.com,123456789.0,282.13,3/26/2023,Clothing,,,Female
CUST1648,Mark Gaber,-1.0,male,mark.gaber@gmail.com,,568.45,9/20/2024,,,,male
CUST1649,Fatma Smith,,M,fatma.smith@gmail.com,,207.91,3/25/2025,,2.0,,M
CUST1650,Lina Ibrahim,200.0,M,lina.ibrahim@hotmail.com,987654321.0,304.37,5/26/2023,,5.0,,M
CUST1651,Mark Mahmoud,-1.0,female,mark.mahmoud@hotmail.com,,145.39,11/29/2022,,2.0,,female
CUST1652,Sara Hassan,200.0,female,sara.hassan@yahoo.com,123456789.0,297.5,10/20/2023,,4.0,,female
CUST1653,Sara Gaber,-1.0,Male,sara.gaber@gmail.com,987654321.0,243.64,11/22/2022,Books,1.0,,Male
CUST1654,Sara Gaber,,,sara.gaber@hotmail.com,,118.97,7/19/2024,Electronics,10.0,,
CUST1655,Sara Smith,89.0,,sara.smith@gmail.com,,465.8,9/9/2023,Clothing,3.0,,
CUST1656,Fatma Gaber,200.0,female,fatma.gaber@yahoo.com,123456789.0,340.6,5/4/2024,,2.0,,female
CUST1657,Ali Ali,35.0,Female,ali.ali@gmail.com,987654321.0,125.83,10/16/2024,,3.0,,Female
CUST1658,Fatma Hassan,200.0,Male,fatma.hassan@hotmail.com,987654321.0,496.34,7/14/2025,Electronics,10.0,,Male
CUST1659,Sara Ali,-1.0,F,sara.ali@yahoo.com,123456789.0,503.31,2/3/2024,Books,10.0,,F
CUST1660,Ahmed Smith,-1.0,female,ahmed.smith@gmail.com,987654321.0,591.98,1/14/2025,Toys,,,female
CUST1661,John Smith,,Male,john.smith@gmail.com,987654321.0,705.61,1/29/2023,Home,10.0,,Male
CUST1662,Ali Hassan,-1.0,Female,ali.hassan@hotmail.com,123456789.0,873.12,6/23/2025,Electronics,5.0,,Female
CUST1663,Ahmed Hassan,,,ahmed.hassan@hotmail.com,,,12/23/2024,,5.0,,
CUST1664,Fatma Smith,,F,fatma.smith@gmail.com,987654321.0,197.44,6/25/2025,,1.0,,F
CUST1665,Sara Gaber,-1.0,M,sara.gaber@gmail.com,987654321.0,338.65,32/13/2020,,5.0,,M
CUST1666,Ali Gaber,71.0,female,ali.gaber@yahoo.com,123456789.0,597.31,8/8/2024,Home,,,female
CUST1667,Ali Ibrahim,-1.0,Male,ali.ibrahim@hotmail.com,,413.17,6/24/2023,Clothing,2.0,,Male
CUST1668,John Smith,68.0,,john.smith@gmail.com,987654321.0,314.68,12/21/2022,Toys,10.0,,
CUST1669,John Gaber,-1.0,female,john.gaber@yahoo.com,987654321.0,218.72,12/26/2022,,3.0,,female
CUST1670,Mark Hassan,37.0,F,mark.hassan@hotmail.com,987654321.0,409.97,4/27/2023,Toys,10.0,,F
CUST1671,Alaa Smith,38.0,male,alaa.smith@yahoo.com,987654321.0,372.73,3/22/2025,Books,,,male
CUST1672,Fatma Gaber,200.0,male,fatma.gaber@yahoo.com,987654321.0,572.33,4/4/2024,Electronics,10.0,,male
CUST1673,Mark Hassan,34.0,Female,mark.hassan@yahoo.com,987654321.0,48.81,8/11/2024,Books,4.0,,Female
CUST1674,Sara Gaber,,Female,sara.gaber@hotmail.com,,740.1,5/4/2024,Clothing,,,Female
CUST1675,Ahmed Hassan,32.0,F,ahmed.hassan@hotmail.com,,949.78,9/3/2024,Home,10.0,,F
CUST1676,Mark Ali,200.0,male,mark.ali@gmail.com,123456789.0,842.36,5/12/2024,Home,10.0,,male
CUST1677,Sara Hassan,-1.0,M,sara.hassan@gmail.com,,793.81,12/31/2022,,3.0,,M
CUST1678,Fatma Ali,31.0,,fatma.ali@hotmail.com,987654321.0,513.63,1/9/2024,Clothing,1.0,,
CUST1679,Mark Hassan,,Female,mark.hassan@gmail.com,,26.49,12/14/2023,Books,3.0,,Female
CUST1680,Lina Gaber,200.0,male,lina.gaber@hotmail.com,,759.1,4/22/2024,Books,10.0,,male
CUST1681,Mark Ibrahim,,M,mark.ibrahim@gmail.com,,857.36,7/7/2025,Electronics,,,M
CUST1682,Sara Smith,-1.0,M,sara.smith@yahoo.com,123456789.0,555.03,6/9/2025,,5.0,,M
CUST1683,Mark Ali,57.0,Male,mark.ali@gmail.com,,443.63,6/27/2023,Toys,1.0,,Male
CUST1684,Sara Mahmoud,200.0,,sara.mahmoud@hotmail.com,123456789.0,899.15,3/28/2024,,5.0,,
CUST1685,Lina Ali,,,lina.ali@hotmail.com,987654321.0,928.77,6/21/2025,Books,4.0,,
CUST1686,Ahmed Ibrahim,200.0,M,ahmed.ibrahim@yahoo.com,123456789.0,42.66,3/26/2023,Electronics,10.0,,M
CUST1687,Alaa Ibrahim,200.0,Female,alaa.ibrahim@yahoo.com,123456789.0,999.56,5/16/2025,Electronics,1.0,,Female
CUST1688,Sara Gaber,200.0,Female,sara.gaber@hotmail.com,,796.83,12/30/2023,Clothing,3.0,,Female
CUST1689,Sara Gaber,200.0,Male,sara.gaber@yahoo.com,,56.7,12/3/2024,Clothing,3.0,,Male
CUST1690,Lina Hassan,200.0,M,lina.hassan@gmail.com,123456789.0,737.59,4/25/2023,Toys,1.0,,M
CUST1691,Mark Mahmoud,-1.0,female,mark.mahmoud@hotmail.com,123456789.0,601.36,1/12/2025,,1.0,,female
CUST1692,Ahmed Smith,-1.0,male,ahmed.smith@gmail.com,,587.8,8/7/2023,Home,1.0,,male
CUST1693,Mark Smith,200.0,,mark.smith@yahoo.com,,172.89,10/31/2023,,4.0,,
CUST1694,John Ali,200.0,Female,john.ali@yahoo.com,987654321.0,250.47,2/5/2024,,5.0,,Female
CUST1695,Ahmed Smith,200.0,female,ahmed.smith@hotmail.com,,340.8,9/19/2024,Home,5.0,,female
CUST1696,Lina Ibrahim,21.0,male,lina.ibrahim@hotmail.com,,393.94,7/8/2025,Home,,,male
CUST1697,Ali Hassan,200.0,F,ali.hassan@hotmail.com,987654321.0,828.37,9/20/2023,,5.0,,F
CUST1698,Alaa Hassan,57.0,Female,alaa.hassan@gmail.com,,419.65,12/17/2024,Books,10.0,,Female
CUST1699,Ahmed Ali,65.0,female,ahmed.ali@gmail.com,,182.4,32/13/2020,Electronics,2.0,,female
CUST1700,Ahmed Mahmoud,58.0,male,ahmed.mahmoud@hotmail.com,,730.53,11/5/2023,,,,male
CUST1701,Sara Ali,,F,sara.ali@yahoo.com,,272.75,32/13/2020,Electronics,4.0,,F
CUST1702,Sara Ibrahim,40.0,Male,sara.ibrahim@gmail.com,,861.93,9/21/2023,Clothing,2.0,,Male
CUST1703,Alaa Gaber,17.0,M,alaa.gaber@hotmail.com,123456789.0,389.63,5/5/2025,Books,1.0,,M
CUST1704,Alaa Hassan,72.0,Female,alaa.hassan@hotmail.com,,891.56,12/30/2023,Electronics,5.0,,Female
CUST1705,Ahmed Hassan,47.0,M,ahmed.hassan@gmail.com,,829.61,5/26/2025,Books,,,M
CUST1706,Alaa Hassan,-1.0,F,alaa.hassan@hotmail.com,123456789.0,52.27,4/16/2025,Toys,1.0,,F
CUST1707,Lina Smith,200.0,M,lina.smith@gmail.com,,,11/28/2022,,1.0,,M
CUST1708,Ahmed Mahmoud,50.0,Male,ahmed.mahmoud@hotmail.com,,988.51,8/27/2024,Electronics,5.0,,Male
CUST1709,Lina Hassan,200.0,M,lina.hassan@gmail.com,123456789.0,907.59,10/7/2023,Electronics,2.0,,M
CUST1710,Alaa Ali,200.0,Female,alaa.ali@gmail.com,,314.8,12/22/2023,Toys,3.0,,Female
CUST1711,Sara Mahmoud,200.0,M,sara.mahmoud@yahoo.com,123456789.0,406.38,8/23/2023,Electronics,5.0,,M
CUST1712,Sara Gaber,-1.0,Female,sara.gaber@gmail.com,987654321.0,723.88,2/20/2025,,,,Female
CUST1713,Fatma Mahmoud,-1.0,female,fatma.mahmoud@gmail.com,,369.18,5/23/2024,,10.0,,female
CUST1714,Sara Gaber,,male,sara.gaber@hotmail.com,,916.9,4/20/2024,,4.0,,male
CUST1715,Ahmed Hassan,,M,ahmed.hassan@hotmail.com,987654321.0,605.1,10/24/2023,Home,,,M
CUST1716,Mark Ali,-1.0,F,mark.ali@yahoo.com,,80.99,8/17/2023,Books,2.0,,F
CUST1717,Sara Hassan,,F,sara.hassan@yahoo.com,123456789.0,556.6,7/3/2024,Electronics,,,F
CUST1718,Mark Ali,,male,mark.ali@gmail.com,,436.91,32/13/2020,Electronics,3.0,,male
CUST1719,Mark Smith,-1.0,Female,mark.smith@yahoo.com,123456789.0,346.25,10/14/2023,Home,10.0,,Female
CUST1720,Mark Ali,34.0,female,mark.ali@yahoo.com,,,12/21/2024,Toys,,,female
CUST1721,Lina Mahmoud,,male,lina.mahmoud@gmail.com,987654321.0,620.64,4/13/2023,Clothing,3.0,,male
CUST1722,Lina Ali,200.0,M,lina.ali@yahoo.com,,715.61,5/14/2025,,4.0,,M
CUST1723,Ali Ibrahim,200.0,M,ali.ibrahim@yahoo.com,987654321.0,949.91,11/7/2022,Books,,,M
CUST1724,Sara Ibrahim,-1.0,female,sara.ibrahim@hotmail.com,,113.77,7/22/2023,Toys,4.0,,female
CUST1725,Lina Gaber,,male,lina.gaber@hotmail.com,,569.5,12/28/2024,Toys,2.0,,male
CUST1726,Sara Ali,,Female,sara.ali@hotmail.com,,116.61,4/20/2023,Books,3.0,,Female
CUST1727,Mark Mahmoud,,female,mark.mahmoud@yahoo.com,,860.56,5/17/2023,,10.0,,female
CUST1728,Fatma Smith,76.0,Male,fatma.smith@yahoo.com,123456789.0,787.86,1/3/2023,Clothing,4.0,,Male
CUST1729,Ahmed Hassan,,F,ahmed.hassan@hotmail.com,,530.76,12/11/2024,Electronics,4.0,,F
CUST1730,Lina Hassan,200.0,Female,lina.hassan@hotmail.com,987654321.0,257.43,3/4/2024,Books,,,Female
CUST1731,Fatma Ibrahim,200.0,Male,fatma.ibrahim@hotmail.com,987654321.0,113.91,10/5/2024,Electronics,5.0,,Male
CUST1732,Fatma Hassan,32.0,female,fatma.hassan@gmail.com,987654321.0,165.11,10/3/2024,Toys,3.0,,female
CUST1733,Sara Hassan,47.0,male,sara.hassan@gmail.com,,920.96,5/29/2025,,2.0,,male
CUST1734,John Ibrahim,,,john.ibrahim@yahoo.com,123456789.0,42.95,2/20/2025,Clothing,3.0,,
CUST1735,Ali Gaber,,F,ali.gaber@yahoo.com,,653.34,2/4/2024,Books,1.0,,F
CUST1736,John Ibrahim,-1.0,female,john.ibrahim@hotmail.com,987654321.0,304.74,7/11/2023,Electronics,3.0,,female
CUST1737,Fatma Gaber,-1.0,male,fatma.gaber@yahoo.com,,570.82,4/18/2025,,,,male
CUST1738,Ali Ali,,female,ali.ali@yahoo.com,,,4/26/2023,Clothing,10.0,,female
CUST1739,John Hassan,-1.0,M,john.hassan@hotmail.com,,338.57,2/20/2025,,1.0,,M
CUST1740,Mark Mahmoud,200.0,male,mark.mahmoud@yahoo.com,,450.25,10/1/2024,Toys,1.0,,male
CUST1741,Ali Hassan,-1.0,Female,ali.hassan@hotmail.com,,372.13,9/6/2023,,5.0,,Female
CUST1742,Lina Mahmoud,-1.0,female,lina.mahmoud@hotmail.com,,678.62,10/7/2024,,2.0,,female
CUST1743,Sara Mahmoud,200.0,female,sara.mahmoud@gmail.com,,508.68,6/8/2024,,5.0,,female
CUST1744,Mark Mahmoud,,F,mark.mahmoud@gmail.com,123456789.0,682.32,1/8/2023,Home,,,F
CUST1745,Fatma Smith,200.0,M,fatma.smith@hotmail.com,987654321.0,868.67,4/18/2023,Electronics,1.0,,M
CUST1746,Mark Hassan,,F,mark.hassan@yahoo.com,,42.47,2/10/2024,Clothing,10.0,,F
CUST1747,John Gaber,200.0,F,john.gaber@gmail.com,123456789.0,275.5,11/18/2024,Electronics,,,F
CUST1748,Alaa Gaber,-1.0,male,alaa.gaber@hotmail.com,,806.14,11/11/2022,,,,male
CUST1749,Fatma Mahmoud,,Male,fatma.mahmoud@hotmail.com,123456789.0,901.28,1/26/2024,Clothing,4.0,,Male
CUST1750,Lina Ali,,M,lina.ali@hotmail.com,,789.64,3/22/2025,Clothing,,,M
CUST1751,Sara Smith,200.0,Female,sara.smith@hotmail.com,,601.3,32/13/2020,Toys,5.0,,Female
CUST1752,Sara Smith,64.0,Male,sara.smith@hotmail.com,123456789.0,982.24,1/26/2023,Home,3.0,,Male
CUST1753,Ali Gaber,-1.0,Female,ali.gaber@hotmail.com,987654321.0,119.58,3/12/2025,Home,3.0,,Female
CUST1754,Sara Hassan,53.0,male,sara.hassan@yahoo.com,123456789.0,102.21,7/12/2025,,1.0,,male
CUST1755,Fatma Ali,42.0,F,fatma.ali@yahoo.com,123456789.0,681.97,4/30/2023,Home,2.0,,F
CUST1756,Ahmed Ibrahim,-1.0,female,ahmed.ibrahim@gmail.com,,638.1,5/26/2025,Toys,10.0,,female
CUST1757,Sara Hassan,,Male,sara.hassan@hotmail.com,,875.31,10/18/2023,,2.0,,Male
CUST1758,Sara Mahmoud,-1.0,F,sara.mahmoud@yahoo.com,123456789.0,7.31,6/26/2025,Home,2.0,,F
CUST1759,Mark Ibrahim,200.0,male,mark.ibrahim@gmail.com,987654321.0,899.27,12/17/2022,Home,1.0,,male
CUST1760,Ahmed Ibrahim,-1.0,male,ahmed.ibrahim@hotmail.com,,854.72,7/30/2023,,4.0,,male
CUST1761,Alaa Ali,200.0,Male,alaa.ali@yahoo.com,987654321.0,485.14,32/13/2020,Toys,1.0,,Male
CUST1762,Ahmed Ibrahim,200.0,M,ahmed.ibrahim@hotmail.com,,987.26,32/13/2020,Toys,4.0,,M
CUST1763,Mark Gaber,-1.0,Female,mark.gaber@gmail.com,987654321.0,635.27,12/10/2024,Books,3.0,,Female
CUST1764,Sara Gaber,,,sara.gaber@hotmail.com,,118.48,11/23/2024,Electronics,,,
CUST1765,Mark Smith,,Female,mark.smith@hotmail.com,987654321.0,762.91,5/25/2025,Books,1.0,,Female
CUST1766,Ahmed Smith,,Female,ahmed.smith@gmail.com,987654321.0,552.48,1/5/2023,Electronics,10.0,,Female
CUST1767,Fatma Gaber,,,fatma.gaber@hotmail.com,,17.12,6/20/2025,Clothing,3.0,,
CUST1768,Lina Hassan,-1.0,M,lina.hassan@yahoo.com,,948.21,9/2/2023,Books,,,M
CUST1769,Lina Gaber,200.0,,lina.gaber@yahoo.com,,103.04,4/24/2024,,10.0,,
CUST1770,Ali Mahmoud,,F,ali.mahmoud@gmail.com,,871.82,3/8/2024,Toys,1.0,,F
CUST1771,Mark Mahmoud,45.0,Female,mark.mahmoud@gmail.com,123456789.0,206.95,10/3/2023,,3.0,,Female
CUST1772,Lina Mahmoud,29.0,Male,lina.mahmoud@gmail.com,,64.63,4/5/2025,Clothing,3.0,,Male
CUST1773,Fatma Hassan,,Female,fatma.hassan@yahoo.com,987654321.0,198.03,1/23/2024,,4.0,,Female
CUST1774,Ahmed Smith,,female,ahmed.smith@gmail.com,,635.87,11/3/2023,Home,4.0,,female
CUST1775,John Hassan,,F,john.hassan@yahoo.com,123456789.0,972.6,2/23/2025,Electronics,3.0,,F
CUST1776,Fatma Ali,200.0,Female,fatma.ali@yahoo.com,987654321.0,97.2,1/13/2024,Home,10.0,,Female
CUST1777,Ali Smith,200.0,Male,ali.smith@gmail.com,987654321.0,329.68,6/7/2025,Toys,5.0,,Male
CUST1778,Alaa Ibrahim,-1.0,F,alaa.ibrahim@hotmail.com,,754.62,11/17/2024,Clothing,3.0,,F
CUST1779,Sara Hassan,-1.0,,sara.hassan@gmail.com,123456789.0,595.87,10/10/2024,Electronics,1.0,,
CUST1780,Sara Ali,,F,sara.ali@hotmail.com,,28.55,32/13/2020,,5.0,,F
CUST1781,Sara Hassan,,male,sara.hassan@gmail.com,,221.43,9/16/2024,,5.0,,male
CUST1782,Sara Ibrahim,45.0,Female,sara.ibrahim@yahoo.com,,231.83,11/30/2022,Books,,,Female
CUST1783,Lina Smith,-1.0,Male,lina.smith@hotmail.com,,439.21,7/3/2023,Books,5.0,,Male
CUST1784,John Ibrahim,-1.0,Male,john.ibrahim@hotmail.com,987654321.0,87.3,4/21/2024,,1.0,,Male
CUST1785,Sara Smith,87.0,female,sara.smith@hotmail.com,,830.95,5/28/2025,Electronics,4.0,,female
CUST1786,Lina Smith,-1.0,,lina.smith@hotmail.com,987654321.0,927.98,4/6/2023,Toys,,,
CUST1787,Alaa Ibrahim,200.0,,alaa.ibrahim@yahoo.com,,178.81,32/13/2020,Toys,10.0,,
CUST1788,Mark Gaber,32.0,F,mark.gaber@hotmail.com,123456789.0,515.89,12/16/2024,,1.0,,F
CUST1789,Mark Ibrahim,200.0,Male,mark.ibrahim@yahoo.com,123456789.0,295.2,3/26/2025,,1.0,,Male
CUST1790,Lina Ali,200.0,M,lina.ali@hotmail.com,,45.34,7/12/2023,Clothing,3.0,,M
CUST1791,Lina Gaber,200.0,F,lina.gaber@hotmail.com,,652.74,12/12/2024,Toys,5.0,,F
CUST1792,Ahmed Ibrahim,69.0,female,ahmed.ibrahim@gmail.com,123456789.0,485.33,7/4/2025,Books,2.0,,female
CUST1793,Ali Smith,-1.0,male,ali.smith@gmail.com,,197.48,5/27/2023,Electronics,2.0,,male
CUST1794,Fatma Smith,-1.0,M,fatma.smith@gmail.com,,13.48,7/8/2025,Clothing,4.0,,M
CUST1795,Fatma Ibrahim,200.0,female,fatma.ibrahim@hotmail.com,,537.43,4/23/2025,Toys,5.0,,female
CUST1796,Sara Ibrahim,,female,sara.ibrahim@gmail.com,,220.36,10/19/2023,,1.0,,female
CUST1797,Ahmed Gaber,-1.0,F,ahmed.gaber@gmail.com,123456789.0,292.84,2/26/2023,Clothing,3.0,,F
CUST1798,Mark Ali,-1.0,M,mark.ali@gmail.com,,113.11,8/31/2024,Electronics,4.0,,M
CUST1799,John Hassan,-1.0,,john.hassan@yahoo.com,,231.22,10/12/2023,Toys,5.0,,
CUST1800,John Ibrahim,53.0,M,john.ibrahim@gmail.com,,992.86,2/10/2024,Books,,,M
CUST1801,Sara Smith,,male,sara.smith@gmail.com,,825.94,6/11/2024,,3.0,,male
CUST1802,Alaa Ali,61.0,F,alaa.ali@yahoo.com,123456789.0,929.59,32/13/2020,Toys,3.0,,F
CUST1803,John Smith,200.0,male,john.smith@hotmail.com,987654321.0,664.99,6/5/2024,,5.0,,male
CUST1804,Alaa Ali,,,alaa.ali@yahoo.com,123456789.0,772.44,9/16/2024,Electronics,3.0,,
CUST1805,Ali Ali,200.0,Female,ali.ali@yahoo.com,,418.56,7/29/2023,Clothing,5.0,,Female
CUST1806,Sara Gaber,51.0,female,sara.gaber@gmail.com,987654321.0,670.78,5/21/2023,Toys,,,female
CUST1807,Ali Smith,40.0,F,ali.smith@gmail.com,123456789.0,528.99,5/5/2025,Electronics,3.0,,F
CUST1808,Sara Hassan,-1.0,F,sara.hassan@hotmail.com,,27.4,1/22/2023,Home,4.0,,F
CUST1809,Fatma Ibrahim,-1.0,Female,fatma.ibrahim@hotmail.com,,117.45,10/9/2023,Electronics,,,Female
CUST1810,Ahmed Smith,43.0,male,ahmed.smith@gmail.com,987654321.0,966.62,10/9/2023,Electronics,1.0,,male
CUST1811,John Gaber,-1.0,female,john.gaber@yahoo.com,,449.41,12/30/2023,Toys,5.0,,female
CUST1812,Sara Gaber,-1.0,Male,sara.gaber@hotmail.com,123456789.0,318.1,7/25/2024,,2.0,,Male
CUST1813,Lina Smith,25.0,,lina.smith@gmail.com,987654321.0,462.99,7/29/2023,,2.0,,
CUST1814,Lina Mahmoud,33.0,F,lina.mahmoud@hotmail.com,,133.93,5/3/2025,Electronics,5.0,,F
CUST1815,Lina Hassan,200.0,F,lina.hassan@gmail.com,,875.14,2/10/2024,Books,3.0,,F
CUST1816,Alaa Mahmoud,-1.0,,alaa.mahmoud@hotmail.com,123456789.0,902.44,6/21/2024,,2.0,,
CUST1817,Ali Ali,79.0,,ali.ali@yahoo.com,,513.97,5/24/2025,Books,,,
CUST1818,John Ibrahim,,female,john.ibrahim@gmail.com,123456789.0,558.76,9/14/2024,Books,2.0,,female
CUST1819,Sara Hassan,200.0,Female,sara.hassan@hotmail.com,987654321.0,750.02,3/28/2024,,,,Female
CUST1820,Fatma Hassan,200.0,Female,fatma.hassan@hotmail.com,987654321.0,15.21,10/9/2024,Books,1.0,,Female
CUST1821,Sara Ali,200.0,F,sara.ali@gmail.com,987654321.0,,12/27/2022,Toys,5.0,,F
CUST1822,Fatma Hassan,-1.0,Female,fatma.hassan@yahoo.com,,107.16,1/1/2025,Toys,10.0,,Female
CUST1823,Sara Mahmoud,200.0,male,sara.mahmoud@hotmail.com,987654321.0,366.79,7/11/2025,Electronics,5.0,,male
CUST1824,Ahmed Ibrahim,81.0,female,ahmed.ibrahim@hotmail.com,,580.81,5/29/2023,Books,,,female
CUST1825,Alaa Smith,200.0,M,alaa.smith@yahoo.com,123456789.0,676.66,10/28/2024,,5.0,,M
CUST1826,Ali Mahmoud,31.0,female,ali.mahmoud@gmail.com,987654321.0,897.67,6/27/2023,,1.0,,female
CUST1827,Fatma Gaber,-1.0,F,fatma.gaber@gmail.com,123456789.0,671.19,2/20/2023,Home,1.0,,F
CUST1828,Lina Gaber,200.0,Female,lina.gaber@gmail.com,123456789.0,,3/13/2024,Books,2.0,,Female
CUST1829,Fatma Ibrahim,44.0,Female,fatma.ibrahim@hotmail.com,,36.85,4/14/2023,Home,10.0,,Female
CUST1830,Ali Mahmoud,200.0,M,ali.mahmoud@yahoo.com,987654321.0,96.07,7/23/2025,Books,10.0,,M
CUST1831,Fatma Ibrahim,200.0,M,fatma.ibrahim@hotmail.com,987654321.0,419.59,11/20/2022,,4.0,,M
CUST1832,Sara Smith,64.0,Male,sara.smith@hotmail.com,987654321.0,684.65,8/13/2024,Electronics,5.0,,Male
CUST1833,Sara Smith,200.0,F,sara.smith@hotmail.com,,688.93,4/3/2024,Clothing,5.0,,F
CUST1834,Ali Ibrahim,16.0,M,ali.ibrahim@hotmail.com,,804.02,1/18/2025,Books,,,M
CUST1835,Ahmed Mahmoud,-1.0,male,ahmed.mahmoud@hotmail.com,987654321.0,705.04,5/16/2023,Home,3.0,,male
CUST1836,Sara Gaber,200.0,F,sara.gaber@yahoo.com,,414.22,9/12/2023,Clothing,1.0,,F
CUST1837,John Gaber,,female,john.gaber@gmail.com,,440.01,10/13/2023,Electronics,1.0,,female
CUST1838,John Hassan,200.0,,john.hassan@gmail.com,123456789.0,450.21,7/6/2025,,1.0,,
CUST1839,Lina Mahmoud,81.0,M,lina.mahmoud@yahoo.com,987654321.0,94.09,12/4/2022,Books,1.0,,M
CUST1840,John Gaber,-1.0,male,john.gaber@gmail.com,123456789.0,782.23,5/18/2023,Books,5.0,,male
CUST1841,Ahmed Mahmoud,200.0,M,ahmed.mahmoud@yahoo.com,,475.44,8/19/2023,Electronics,2.0,,M
CUST1842,Ali Smith,,F,ali.smith@yahoo.com,987654321.0,766.0,1/25/2023,Books,,,F
CUST1843,John Gaber,-1.0,F,john.gaber@yahoo.com,987654321.0,909.58,12/26/2023,Home,2.0,,F
CUST1844,Ahmed Hassan,60.0,male,ahmed.hassan@gmail.com,,571.23,9/2/2024,Books,,,male
CUST1845,Fatma Ali,,female,fatma.ali@gmail.com,123456789.0,968.91,6/25/2023,Clothing,1.0,,female
CUST1846,Ali Mahmoud,-1.0,Female,ali.mahmoud@yahoo.com,123456789.0,671.33,5/7/2023,Clothing,2.0,,Female
CUST1847,John Ali,200.0,female,john.ali@gmail.com,987654321.0,828.98,11/11/2023,Books,1.0,,female
CUST1848,Alaa Hassan,-1.0,Female,alaa.hassan@hotmail.com,,441.57,6/13/2024,Electronics,5.0,,Female
CUST1849,Sara Smith,200.0,Female,sara.smith@yahoo.com,123456789.0,301.45,2/2/2025,Toys,5.0,,Female
CUST1850,Sara Mahmoud,,,sara.mahmoud@yahoo.com,,196.89,2/7/2024,Books,1.0,,
CUST1851,Fatma Smith,,M,fatma.smith@gmail.com,987654321.0,854.81,8/18/2023,Toys,4.0,,M
CUST1852,Ali Hassan,81.0,F,ali.hassan@yahoo.com,,191.99,3/29/2024,Books,4.0,,F
CUST1853,Ahmed Hassan,-1.0,Male,ahmed.hassan@gmail.com,123456789.0,7.82,1/28/2025,Home,5.0,,Male
CUST1854,Ahmed Gaber,31.0,F,ahmed.gaber@yahoo.com,,842.92,6/16/2025,Books,2.0,,F
CUST1855,Lina Hassan,58.0,M,lina.hassan@gmail.com,,104.38,12/27/2024,Clothing,4.0,,M
CUST1856,Alaa Smith,-1.0,F,alaa.smith@yahoo.com,,390.48,12/24/2022,Electronics,5.0,,F
CUST1857,Alaa Mahmoud,-1.0,M,alaa.mahmoud@yahoo.com,,123.28,1/27/2024,Toys,10.0,,M
CUST1858,Alaa Ali,,male,alaa.ali@hotmail.com,,810.93,9/5/2023,Books,10.0,,male
CUST1859,Ahmed Ali,-1.0,F,ahmed.ali@hotmail.com,987654321.0,319.4,12/31/2024,Toys,5.0,,F
CUST1860,Ahmed Mahmoud,200.0,M,ahmed.mahmoud@hotmail.com,,372.35,6/29/2025,Clothing,10.0,,M
CUST1861,Lina Smith,24.0,M,lina.smith@gmail.com,,924.97,11/30/2024,,10.0,,M
CUST1862,Alaa Smith,,,alaa.smith@hotmail.com,,57.98,9/30/2024,Electronics,5.0,,
CUST1863,Lina Ali,-1.0,M,lina.ali@yahoo.com,,439.55,11/8/2022,Clothing,5.0,,M
CUST1864,Alaa Mahmoud,-1.0,Male,alaa.mahmoud@hotmail.com,,233.45,7/17/2024,Clothing,1.0,,Male
CUST1865,Lina Hassan,200.0,male,lina.hassan@hotmail.com,,130.88,6/16/2024,Home,5.0,,male
CUST1866,Ahmed Ali,200.0,,ahmed.ali@yahoo.com,,275.14,5/23/2024,,,,
CUST1867,Mark Gaber,200.0,Female,mark.gaber@yahoo.com,123456789.0,973.32,12/21/2023,,3.0,,Female
CUST1868,Fatma Mahmoud,,M,fatma.mahmoud@yahoo.com,123456789.0,165.11,6/10/2025,Books,4.0,,M
CUST1869,Ahmed Gaber,200.0,M,ahmed.gaber@hotmail.com,,775.04,12/24/2022,Books,,,M
CUST1870,Alaa Mahmoud,,Female,alaa.mahmoud@yahoo.com,,,11/16/2023,Home,4.0,,Female
CUST1871,Mark Ali,85.0,Male,mark.ali@yahoo.com,987654321.0,484.73,6/13/2024,Toys,10.0,,Male
CUST1872,Lina Ali,200.0,M,lina.ali@hotmail.com,987654321.0,558.79,4/7/2023,Toys,5.0,,M
CUST1873,Ali Hassan,-1.0,male,ali.hassan@gmail.com,,922.79,4/12/2023,Electronics,2.0,,male
CUST1874,Ahmed Ibrahim,,M,ahmed.ibrahim@yahoo.com,123456789.0,920.48,32/13/2020,Books,4.0,,M
CUST1875,Ahmed Ali,-1.0,male,ahmed.ali@hotmail.com,,507.92,12/11/2024,Electronics,1.0,,male
CUST1876,Ali Smith,58.0,male,ali.smith@yahoo.com,123456789.0,62.54,5/14/2024,,10.0,,male
CUST1877,Mark Smith,-1.0,F,mark.smith@hotmail.com,,253.1,2/16/2025,Toys,5.0,,F
CUST1878,Mark Mahmoud,32.0,Female,mark.mahmoud@yahoo.com,987654321.0,869.71,32/13/2020,Clothing,2.0,,Female
CUST1879,Alaa Gaber,73.0,F,alaa.gaber@gmail.com,123456789.0,667.14,7/17/2023,Electronics,2.0,,F
CUST1880,Ali Gaber,-1.0,,ali.gaber@yahoo.com,987654321.0,713.82,1/23/2025,Home,4.0,,
CUST1881,John Smith,,male,john.smith@gmail.com,987654321.0,588.21,10/13/2024,Home,3.0,,male
CUST1882,Mark Hassan,77.0,M,mark.hassan@yahoo.com,,824.13,12/19/2023,Toys,4.0,,M
CUST1883,Fatma Smith,200.0,,fatma.smith@yahoo.com,,443.43,2/28/2023,Books,10.0,,
CUST1884,Ahmed Ali,-1.0,Male,ahmed.ali@yahoo.com,987654321.0,386.22,32/13/2020,,,,Male
CUST1885,Mark Mahmoud,200.0,,mark.mahmoud@hotmail.com,,900.95,8/16/2023,Home,3.0,,
CUST1886,Fatma Smith,200.0,M,fatma.smith@yahoo.com,,287.38,1/6/2023,Electronics,,,M
CUST1887,Sara Ibrahim,57.0,,sara.ibrahim@hotmail.com,,707.11,2/13/2025,,4.0,,
CUST1888,Lina Mahmoud,,Female,lina.mahmoud@yahoo.com,987654321.0,280.01,3/26/2025,Home,5.0,,Female
CUST1889,Fatma Ibrahim,,female,fatma.ibrahim@hotmail.com,987654321.0,270.0,8/23/2024,Electronics,10.0,,female
CUST1890,Ahmed Ali,,M,ahmed.ali@yahoo.com,,417.85,10/11/2023,Toys,1.0,,M
CUST1891,Sara Ali,200.0,,sara.ali@yahoo.com,,881.56,10/19/2023,Clothing,1.0,,
CUST1892,Lina Smith,65.0,M,lina.smith@hotmail.com,,615.02,10/4/2024,Toys,,,M
CUST1893,Fatma Gaber,200.0,Male,fatma.gaber@hotmail.com,123456789.0,406.31,4/20/2024,Toys,5.0,,Male
CUST1894,Fatma Hassan,200.0,male,fatma.hassan@yahoo.com,,622.94,12/8/2024,Books,,,male
CUST1895,John Ibrahim,,M,john.ibrahim@hotmail.com,,98.19,11/6/2022,Home,10.0,,M
CUST1896,Sara Ali,200.0,Male,sara.ali@yahoo.com,987654321.0,253.19,6/23/2025,,2.0,,Male
CUST1897,Sara Gaber,200.0,Male,sara.gaber@hotmail.com,,546.06,8/20/2024,Books,5.0,,Male
CUST1898,Ali Hassan,35.0,Male,ali.hassan@yahoo.com,987654321.0,132.09,12/8/2023,Toys,10.0,,Male
CUST1899,Lina Smith,200.0,,lina.smith@hotmail.com,,365.7,2/20/2024,Clothing,4.0,,
CUST1900,Sara Gaber,-1.0,,sara.gaber@yahoo.com,,660.39,8/2/2024,,3.0,,
CUST1901,John Gaber,-1.0,male,john.gaber@hotmail.com,123456789.0,,5/20/2024,,3.0,,male
CUST1902,John Hassan,-1.0,,john.hassan@gmail.com,,735.24,5/8/2025,,3.0,,
CUST1903,Mark Smith,49.0,female,mark.smith@gmail.com,987654321.0,713.77,12/25/2023,Home,4.0,,female
CUST1904,Lina Mahmoud,-1.0,M,lina.mahmoud@hotmail.com,123456789.0,481.41,6/6/2024,,1.0,,M
CUST1905,Alaa Gaber,55.0,female,alaa.gaber@yahoo.com,,552.76,4/3/2023,,2.0,,female
CUST1906,Alaa Ibrahim,200.0,Male,alaa.ibrahim@hotmail.com,,401.33,8/20/2023,Books,,,Male
CUST1907,Mark Smith,-1.0,male,mark.smith@yahoo.com,,735.85,11/1/2023,,1.0,,male
CUST1908,Sara Ali,,female,sara.ali@yahoo.com,,995.32,9/4/2023,Clothing,1.0,,female
CUST1909,Lina Mahmoud,200.0,M,lina.mahmoud@yahoo.com,123456789.0,239.97,12/31/2022,Books,5.0,,M
CUST1910,Fatma Gaber,,female,fatma.gaber@gmail.com,123456789.0,136.23,1/3/2024,Toys,,,female
CUST1911,Lina Gaber,-1.0,male,lina.gaber@yahoo.com,987654321.0,60.81,10/9/2024,Books,,,male
CUST1912,Fatma Ali,78.0,M,fatma.ali@gmail.com,123456789.0,237.65,7/3/2024,Electronics,4.0,,M
CUST1913,Ali Hassan,200.0,male,ali.hassan@gmail.com,123456789.0,240.68,3/16/2025,,2.0,,male
CUST1914,Mark Ali,,F,mark.ali@yahoo.com,123456789.0,883.8,1/10/2024,Home,10.0,,F
CUST1915,Ahmed Mahmoud,-1.0,female,ahmed.mahmoud@gmail.com,987654321.0,267.12,12/15/2023,,5.0,,female
CUST1916,Ali Gaber,200.0,male,ali.gaber@hotmail.com,987654321.0,498.85,3/4/2024,Toys,3.0,,male
CUST1917,John Hassan,-1.0,male,john.hassan@hotmail.com,987654321.0,852.08,6/25/2023,Toys,1.0,,male
CUST1918,Sara Mahmoud,84.0,,sara.mahmoud@hotmail.com,,386.13,32/13/2020,,10.0,,
CUST1919,Sara Gaber,-1.0,male,sara.gaber@hotmail.com,987654321.0,416.23,12/30/2023,,4.0,,male
CUST1920,Lina Smith,,F,lina.smith@hotmail.com,,964.11,9/1/2024,Books,5.0,,F
CUST1921,Alaa Gaber,,male,alaa.gaber@gmail.com,987654321.0,865.36,8/28/2023,,1.0,,male
CUST1922,Mark Hassan,200.0,male,mark.hassan@hotmail.com,123456789.0,66.29,4/21/2023,,,,male
CUST1923,Ali Hassan,200.0,M,ali.hassan@gmail.com,123456789.0,241.37,7/6/2025,Home,,,M
CUST1924,John Mahmoud,-1.0,M,john.mahmoud@gmail.com,987654321.0,61.86,4/3/2025,,10.0,,M
CUST1925,Ahmed Mahmoud,-1.0,F,ahmed.mahmoud@hotmail.com,,502.01,5/16/2025,Electronics,4.0,,F
CUST1926,Mark Gaber,,female,mark.gaber@hotmail.com,,147.58,11/20/2024,Toys,10.0,,female
CUST1927,Sara Gaber,,Female,sara.gaber@gmail.com,,357.1,4/4/2025,Clothing,2.0,,Female
CUST1928,Lina Gaber,200.0,female,lina.gaber@hotmail.com,,422.74,9/12/2023,Toys,,,female
CUST1929,Ali Ali,72.0,male,ali.ali@hotmail.com,987654321.0,68.23,6/16/2024,Electronics,4.0,,male
CUST1930,Lina Ali,-1.0,male,lina.ali@gmail.com,,7.76,12/4/2022,,2.0,,male
CUST1931,Lina Ibrahim,49.0,Male,lina.ibrahim@gmail.com,987654321.0,694.38,12/22/2022,Clothing,10.0,,Male
CUST1932,Ahmed Gaber,-1.0,female,ahmed.gaber@gmail.com,,785.12,10/19/2024,Toys,,,female
CUST1933,Ali Ali,-1.0,male,ali.ali@hotmail.com,,20.96,1/16/2024,Toys,3.0,,male
CUST1934,Mark Hassan,86.0,F,mark.hassan@yahoo.com,123456789.0,50.02,2/8/2024,Books,10.0,,F
CUST1935,Fatma Ali,-1.0,Male,fatma.ali@gmail.com,,478.15,32/13/2020,Books,3.0,,Male
CUST1936,Fatma Ali,200.0,,fatma.ali@gmail.com,,82.46,9/21/2024,Clothing,4.0,,
CUST1937,John Smith,,female,john.smith@yahoo.com,,774.03,5/21/2023,,1.0,,female
CUST1938,Lina Hassan,50.0,female,lina.hassan@yahoo.com,,531.15,6/9/2023,Toys,3.0,,female
CUST1939,Lina Hassan,,Male,lina.hassan@gmail.com,,,4/11/2025,Electronics,10.0,,Male
CUST1940,Fatma Ali,18.0,male,fatma.ali@gmail.com,,761.63,4/12/2025,Toys,5.0,,male
CUST1941,Fatma Ali,36.0,Male,fatma.ali@hotmail.com,,192.32,10/1/2024,Home,4.0,,Male
CUST1942,Lina Smith,37.0,Female,lina.smith@hotmail.com,,65.6,7/12/2023,Books,10.0,,Female
CUST1943,John Smith,-1.0,Female,john.smith@gmail.com,,496.85,7/22/2025,,5.0,,Female
CUST1944,Ahmed Ali,,,ahmed.ali@yahoo.com,987654321.0,962.82,7/20/2023,,1.0,,
CUST1945,Sara Hassan,-1.0,,sara.hassan@hotmail.com,,703.65,8/21/2024,Home,2.0,,
CUST1946,Sara Hassan,200.0,,sara.hassan@yahoo.com,,608.22,9/9/2024,Electronics,,,
CUST1947,Alaa Hassan,,,alaa.hassan@gmail.com,,500.01,12/3/2024,Clothing,4.0,,
CUST1948,Ali Hassan,,Female,ali.hassan@yahoo.com,123456789.0,348.05,5/2/2024,Clothing,10.0,,Female
CUST1949,Mark Smith,45.0,Male,mark.smith@hotmail.com,,133.04,11/6/2022,Clothing,,,Male
CUST1950,Mark Mahmoud,200.0,,mark.mahmoud@hotmail.com,987654321.0,148.63,11/19/2024,Electronics,4.0,,
CUST1951,Fatma Ali,200.0,F,fatma.ali@yahoo.com,,958.79,6/6/2023,Books,10.0,,F
CUST1952,Fatma Ali,,Male,fatma.ali@gmail.com,,637.44,5/20/2023,Toys,2.0,,Male
CUST1953,Sara Hassan,85.0,Female,sara.hassan@yahoo.com,,538.28,8/5/2024,Toys,5.0,,Female
CUST1954,Ali Ibrahim,,Male,ali.ibrahim@yahoo.com,123456789.0,10.14,4/11/2024,,1.0,,Male
CUST1955,Mark Ali,,Male,mark.ali@gmail.com,,304.08,8/19/2023,,4.0,,Male
CUST1956,Lina Mahmoud,89.0,,lina.mahmoud@hotmail.com,,891.62,8/7/2023,,2.0,,
CUST1957,Ali Ibrahim,200.0,Male,ali.ibrahim@yahoo.com,,769.3,6/18/2023,Clothing,,,Male
CUST1958,Lina Smith,-1.0,female,lina.smith@gmail.com,123456789.0,928.11,32/13/2020,,,,female
CUST1959,Lina Smith,200.0,Male,lina.smith@hotmail.com,987654321.0,,3/13/2024,Toys,5.0,,Male
CUST1960,Sara Hassan,200.0,M,sara.hassan@yahoo.com,987654321.0,772.13,4/24/2025,Books,2.0,,M
CUST1961,Ali Ibrahim,200.0,Male,ali.ibrahim@yahoo.com,987654321.0,171.48,7/2/2025,,10.0,,Male
CUST1962,Alaa Ali,200.0,Female,alaa.ali@hotmail.com,123456789.0,21.41,4/24/2023,,,,Female
CUST1963,Lina Ibrahim,-1.0,Female,lina.ibrahim@hotmail.com,,401.18,9/5/2024,Electronics,3.0,,Female
CUST1964,Ahmed Ibrahim,,Male,ahmed.ibrahim@gmail.com,123456789.0,720.07,3/4/2023,Clothing,10.0,,Male
CUST1965,John Ibrahim,200.0,Male,john.ibrahim@hotmail.com,987654321.0,313.65,32/13/2020,Electronics,5.0,,Male
CUST1966,Sara Smith,200.0,M,sara.smith@gmail.com,,978.75,6/7/2023,Toys,4.0,,M
CUST1967,Ali Smith,200.0,male,ali.smith@gmail.com,987654321.0,199.73,8/15/2024,Clothing,10.0,,male
CUST1968,Ahmed Gaber,57.0,female,ahmed.gaber@yahoo.com,,133.59,5/15/2025,Clothing,1.0,,female
CUST1969,John Ibrahim,50.0,M,john.ibrahim@gmail.com,,817.87,6/16/2024,Books,2.0,,M
CUST1970,Mark Hassan,39.0,M,mark.hassan@yahoo.com,987654321.0,795.89,10/27/2022,Toys,5.0,,M
CUST1971,Lina Smith,-1.0,male,lina.smith@yahoo.com,987654321.0,729.0,11/2/2024,Home,,,male
CUST1972,Ahmed Ali,,,ahmed.ali@hotmail.com,123456789.0,67.43,11/14/2024,Clothing,4.0,,
CUST1973,Alaa Smith,200.0,Female,alaa.smith@hotmail.com,,402.62,10/24/2024,Electronics,,,Female
CUST1974,Lina Ibrahim,,female,lina.ibrahim@gmail.com,123456789.0,943.36,3/13/2025,Books,3.0,,female
CUST1975,Sara Ali,79.0,Male,sara.ali@gmail.com,123456789.0,398.76,11/1/2022,Electronics,,,Male
CUST1976,Lina Gaber,-1.0,Male,lina.gaber@gmail.com,,26.72,3/15/2025,Electronics,5.0,,Male
CUST1977,Alaa Gaber,58.0,F,alaa.gaber@gmail.com,,,2/23/2023,,10.0,,F
CUST1978,Alaa Gaber,-1.0,Female,alaa.gaber@yahoo.com,123456789.0,270.25,2/5/2024,Home,4.0,,Female
CUST1979,Fatma Gaber,87.0,M,fatma.gaber@gmail.com,123456789.0,655.97,32/13/2020,,4.0,,M
CUST1980,Alaa Mahmoud,-1.0,female,alaa.mahmoud@hotmail.com,,161.6,12/3/2022,,2.0,,female
CUST1981,Sara Ali,73.0,F,sara.ali@hotmail.com,,111.75,10/4/2023,,10.0,,F
CUST1982,Mark Hassan,,male,mark.hassan@hotmail.com,987654321.0,437.5,10/18/2023,Home,10.0,,male
CUST1983,Alaa Hassan,200.0,Female,alaa.hassan@yahoo.com,123456789.0,695.75,6/2/2024,,,,Female
CUST1984,John Mahmoud,200.0,male,john.mahmoud@yahoo.com,,346.73,6/22/2024,Clothing,,,male
CUST1985,Lina Hassan,200.0,male,lina.hassan@hotmail.com,,318.35,6/27/2024,,5.0,,male
CUST1986,Sara Ali,90.0,female,sara.ali@hotmail.com,,558.91,7/7/2023,Home,5.0,,female
CUST1987,John Gaber,-1.0,M,john.gaber@yahoo.com,987654321.0,655.35,3/23/2024,Toys,4.0,,M
CUST1988,Fatma Ali,200.0,Female,fatma.ali@hotmail.com,,473.39,6/29/2025,Clothing,10.0,,Female
CUST1989,Ali Hassan,-1.0,Female,ali.hassan@gmail.com,987654321.0,246.87,4/23/2023,,10.0,,Female
CUST1990,Ahmed Ibrahim,-1.0,female,ahmed.ibrahim@hotmail.com,,51.54,5/30/2023,,4.0,,female
CUST1991,Lina Ali,200.0,F,lina.ali@yahoo.com,123456789.0,,32/13/2020,,5.0,,F
CUST1992,John Ali,79.0,Female,john.ali@gmail.com,,68.52,2/21/2025,,3.0,,Female
CUST1993,Lina Gaber,,Male,lina.gaber@gmail.com,123456789.0,661.72,6/16/2025,Toys,5.0,,Male
CUST1994,Sara Smith,-1.0,M,sara.smith@yahoo.com,,766.04,10/14/2024,Toys,1.0,,M
CUST1995,Alaa Gaber,200.0,M,alaa.gaber@yahoo.com,,956.56,3/19/2024,,,,M
CUST1996,Fatma Smith,,,fatma.smith@gmail.com,,973.82,2/17/2024,,5.0,,
CUST1997,Alaa Ali,68.0,male,alaa.ali@yahoo.com,,882.47,7/27/2024,Electronics,,,male
CUST1998,John Smith,66.0,Female,john.smith@gmail.com,123456789.0,,6/14/2023,Home,,,Female
CUST1999,Alaa Hassan,200.0,Female,alaa.hassan@hotmail.com,,844.29,10/2/2023,Toys,3.0,,Female
CUST2000,Lina Ibrahim,200.0,female,lina.ibrahim@gmail.com,,753.41,6/20/2023,Clothing,5.0,,female
CUST2001,Fatma Smith,,,fatma.smith@yahoo.com,,377.49,1/2/2025,,4.0,,
CUST2002,Sara Hassan,,Female,sara.hassan@hotmail.com,,271.18,12/7/2024,Books,2.0,,Female
CUST2003,Fatma Ali,,F,fatma.ali@yahoo.com,,456.16,5/31/2024,Electronics,10.0,,F
CUST2004,John Hassan,32.0,F,john.hassan@hotmail.com,987654321.0,564.13,8/6/2024,Home,5.0,,F
CUST2005,Alaa Gaber,200.0,Female,alaa.gaber@yahoo.com,987654321.0,426.99,5/2/2024,Electronics,10.0,,Female
CUST2006,Fatma Ibrahim,-1.0,female,fatma.ibrahim@hotmail.com,,707.65,11/25/2022,,4.0,,female
CUST2007,Lina Smith,200.0,Male,lina.smith@gmail.com,,56.46,12/23/2023,,5.0,,Male
CUST2008,John Mahmoud,200.0,Male,john.mahmoud@gmail.com,,32.22,2/18/2024,,2.0,,Male
CUST2009,Lina Gaber,,female,lina.gaber@hotmail.com,987654321.0,857.08,7/31/2024,,4.0,,female
CUST2010,Ali Mahmoud,200.0,M,ali.mahmoud@yahoo.com,,567.38,4/11/2023,,2.0,,M
CUST2011,Ahmed Ali,200.0,female,ahmed.ali@hotmail.com,,887.59,12/9/2023,Books,3.0,,female
CUST2012,Ahmed Gaber,67.0,Male,ahmed.gaber@yahoo.com,,654.53,11/5/2024,Books,,,Male
CUST2013,Ahmed Smith,-1.0,,ahmed.smith@hotmail.com,,96.84,7/12/2023,Electronics,5.0,,
CUST2014,Fatma Gaber,88.0,Female,fatma.gaber@gmail.com,987654321.0,341.26,12/4/2023,,4.0,,Female
CUST2015,John Smith,200.0,male,john.smith@gmail.com,,98.57,5/25/2023,Electronics,10.0,,male
CUST2016,Sara Hassan,24.0,M,sara.hassan@gmail.com,987654321.0,369.46,7/8/2025,Electronics,4.0,,M
CUST2017,Alaa Hassan,200.0,,alaa.hassan@hotmail.com,,101.53,11/9/2022,Books,,,
CUST2018,Fatma Hassan,,female,fatma.hassan@yahoo.com,987654321.0,206.02,4/25/2023,Clothing,1.0,,female
CUST2019,Ali Gaber,77.0,Male,ali.gaber@gmail.com,,713.49,8/18/2023,Home,1.0,,Male
CUST2020,Ali Ibrahim,,Male,ali.ibrahim@gmail.com,987654321.0,695.18,7/11/2024,,2.0,,Male
CUST2021,John Smith,,Female,john.smith@yahoo.com,123456789.0,580.59,4/16/2023,Home,10.0,,Female
CUST2022,Alaa Mahmoud,200.0,Female,alaa.mahmoud@yahoo.com,123456789.0,670.08,6/16/2023,Electronics,4.0,,Female
CUST2023,Sara Mahmoud,-1.0,F,sara.mahmoud@yahoo.com,123456789.0,,10/18/2023,Toys,,,F
CUST2024,Lina Gaber,72.0,Female,lina.gaber@hotmail.com,987654321.0,681.86,4/26/2024,Toys,1.0,,Female
CUST2025,Ahmed Hassan,-1.0,male,ahmed.hassan@gmail.com,123456789.0,471.54,7/6/2025,Electronics,5.0,,male
CUST2026,John Hassan,,,john.hassan@gmail.com,,459.47,4/4/2023,Toys,3.0,,
CUST2027,John Mahmoud,-1.0,Male,john.mahmoud@gmail.com,987654321.0,680.3,11/14/2022,,10.0,,Male
CUST2028,John Mahmoud,29.0,Female,john.mahmoud@hotmail.com,,832.74,11/12/2022,Books,10.0,,Female
CUST2029,Ahmed Ali,-1.0,Female,ahmed.ali@yahoo.com,,131.29,5/2/2023,Home,5.0,,Female
CUST2030,Fatma Gaber,50.0,female,fatma.gaber@hotmail.com,123456789.0,339.81,6/16/2025,Clothing,1.0,,female
CUST2031,Sara Ibrahim,200.0,M,sara.ibrahim@gmail.com,,,10/17/2024,Books,10.0,,M
CUST2032,Sara Smith,,,sara.smith@gmail.com,,228.29,5/2/2024,Clothing,,,
CUST2033,Alaa Ali,80.0,Male,alaa.ali@hotmail.com,123456789.0,910.15,9/21/2024,Clothing,,,Male
CUST2034,Ali Mahmoud,-1.0,male,ali.mahmoud@hotmail.com,987654321.0,335.36,7/17/2024,,3.0,,male
CUST2035,Fatma Mahmoud,18.0,Female,fatma.mahmoud@gmail.com,,284.24,6/13/2024,Toys,2.0,,Female
CUST2036,Mark Ali,-1.0,F,mark.ali@hotmail.com,987654321.0,947.25,11/5/2024,,10.0,,F
CUST2037,Mark Ali,26.0,female,mark.ali@gmail.com,987654321.0,710.96,11/6/2023,Electronics,5.0,,female
CUST2038,Ali Smith,72.0,,ali.smith@yahoo.com,,505.12,5/14/2023,Toys,4.0,,
CUST2039,Ahmed Ali,-1.0,female,ahmed.ali@gmail.com,,432.17,3/4/2025,Books,4.0,,female
CUST2040,Alaa Gaber,200.0,M,alaa.gaber@yahoo.com,123456789.0,624.71,10/21/2024,Books,10.0,,M
CUST2041,Ali Gaber,-1.0,female,ali.gaber@hotmail.com,,,6/3/2023,Toys,10.0,,female
CUST2042,Lina Ibrahim,,F,lina.ibrahim@yahoo.com,,360.85,12/17/2023,,,,F
CUST2043,Mark Ali,200.0,Female,mark.ali@yahoo.com,123456789.0,222.7,8/14/2024,Books,4.0,,Female
CUST2044,Lina Gaber,-1.0,Male,lina.gaber@yahoo.com,,34.21,1/2/2024,,1.0,,Male
CUST2045,Ali Ali,,Female,ali.ali@hotmail.com,987654321.0,95.59,9/10/2023,Home,2.0,,Female
CUST2046,Ali Hassan,86.0,Male,ali.hassan@hotmail.com,123456789.0,,2/14/2023,Electronics,2.0,,Male
CUST2047,John Hassan,200.0,F,john.hassan@hotmail.com,,957.66,4/1/2025,Toys,1.0,,F
CUST2048,Ahmed Mahmoud,,,ahmed.mahmoud@yahoo.com,987654321.0,793.45,1/30/2024,,,,
CUST2049,John Smith,64.0,Female,john.smith@gmail.com,987654321.0,18.18,2/28/2025,Home,2.0,,Female
CUST2050,Ahmed Smith,,female,ahmed.smith@hotmail.com,,723.48,5/14/2024,Books,5.0,,female
CUST2051,Lina Mahmoud,-1.0,male,lina.mahmoud@gmail.com,987654321.0,956.78,1/12/2025,Toys,4.0,,male
CUST2052,Ahmed Ali,-1.0,Male,ahmed.ali@hotmail.com,123456789.0,241.6,10/4/2024,Books,2.0,,Male
CUST2053,Ali Ali,-1.0,F,ali.ali@hotmail.com,,856.77,32/13/2020,Clothing,,,F
CUST2054,Sara Smith,-1.0,,sara.smith@gmail.com,,177.83,4/23/2023,Clothing,2.0,,
CUST2055,Fatma Ibrahim,76.0,M,fatma.ibrahim@yahoo.com,123456789.0,566.91,12/28/2023,,10.0,,M
CUST2056,Alaa Hassan,,female,alaa.hassan@yahoo.com,,66.02,7/23/2023,Home,,,female
CUST2057,Alaa Gaber,200.0,Male,alaa.gaber@yahoo.com,123456789.0,899.57,6/24/2024,Toys,2.0,,Male
CUST2058,John Hassan,200.0,Male,john.hassan@gmail.com,987654321.0,851.99,9/24/2024,,2.0,,Male
CUST2059,Sara Mahmoud,-1.0,,sara.mahmoud@hotmail.com,,23.73,5/21/2023,,1.0,,
CUST2060,Ali Ibrahim,-1.0,Female,ali.ibrahim@hotmail.com,,6.83,7/8/2025,,3.0,,Female
CUST2061,Lina Ibrahim,75.0,Female,lina.ibrahim@gmail.com,987654321.0,797.77,1/12/2023,,5.0,,Female
CUST2062,Ali Ibrahim,200.0,F,ali.ibrahim@yahoo.com,123456789.0,146.31,6/11/2025,,2.0,,F
CUST2063,Mark Smith,,Female,mark.smith@yahoo.com,123456789.0,371.9,3/9/2025,Electronics,2.0,,Female
CUST2064,Alaa Gaber,32.0,,alaa.gaber@yahoo.com,,821.63,3/31/2025,Clothing,10.0,,
CUST2065,Ahmed Gaber,-1.0,male,ahmed.gaber@hotmail.com,,525.06,6/10/2024,Books,5.0,,male
CUST2066,Lina Ibrahim,200.0,male,lina.ibrahim@gmail.com,,,12/14/2022,Electronics,10.0,,male
CUST2067,John Gaber,37.0,F,john.gaber@yahoo.com,,47.44,6/29/2023,,5.0,,F
CUST2068,Fatma Hassan,16.0,female,fatma.hassan@yahoo.com,,713.31,12/31/2024,,2.0,,female
CUST2069,Alaa Ali,-1.0,male,alaa.ali@gmail.com,,644.95,1/16/2025,Clothing,4.0,,male
CUST2070,Alaa Ali,61.0,Female,alaa.ali@hotmail.com,,767.46,9/30/2024,,4.0,,Female
CUST2071,Sara Hassan,72.0,male,sara.hassan@yahoo.com,987654321.0,340.76,4/3/2023,Electronics,2.0,,male
CUST2072,Lina Smith,,male,lina.smith@gmail.com,987654321.0,670.46,3/8/2024,,2.0,,male
CUST2073,Alaa Mahmoud,58.0,F,alaa.mahmoud@hotmail.com,123456789.0,767.19,32/13/2020,Home,2.0,,F
CUST2074,Sara Ibrahim,200.0,Male,sara.ibrahim@hotmail.com,123456789.0,940.24,2/6/2024,Electronics,2.0,,Male
CUST2075,Ali Ali,-1.0,male,ali.ali@yahoo.com,987654321.0,186.01,1/1/2024,Electronics,5.0,,male
CUST2076,Sara Ibrahim,200.0,,sara.ibrahim@hotmail.com,123456789.0,470.83,7/28/2023,Electronics,5.0,,
CUST2077,Ahmed Ali,,Male,ahmed.ali@yahoo.com,123456789.0,345.44,3/18/2024,Toys,3.0,,Male
CUST2078,Sara Ali,36.0,Female,sara.ali@hotmail.com,,599.22,3/13/2024,,3.0,,Female
CUST2079,Ali Hassan,-1.0,M,ali.hassan@gmail.com,987654321.0,200.64,11/10/2023,Books,4.0,,M
CUST2080,Ali Ibrahim,-1.0,Male,ali.ibrahim@gmail.com,,422.95,10/11/2023,,2.0,,Male
CUST2081,Ahmed Ibrahim,47.0,Male,ahmed.ibrahim@yahoo.com,,99.96,32/13/2020,Electronics,4.0,,Male
CUST2082,John Gaber,-1.0,Female,john.gaber@yahoo.com,123456789.0,360.47,2/3/2025,Clothing,10.0,,Female
CUST2083,Fatma Gaber,18.0,male,fatma.gaber@gmail.com,,557.32,9/6/2023,Home,5.0,,male
CUST2084,Sara Gaber,,male,sara.gaber@yahoo.com,987654321.0,154.27,5/13/2024,,3.0,,male
CUST2085,Ahmed Ali,27.0,female,ahmed.ali@hotmail.com,,223.97,6/4/2025,Home,2.0,,female
CUST2086,Fatma Gaber,,Male,fatma.gaber@gmail.com,,798.18,9/11/2023,Clothing,,,Male
CUST2087,Lina Ibrahim,,F,lina.ibrahim@gmail.com,,384.38,8/7/2024,Books,5.0,,F
CUST2088,Alaa Mahmoud,-1.0,male,alaa.mahmoud@gmail.com,,480.65,1/22/2025,Home,5.0,,male
CUST2089,Mark Ali,200.0,female,mark.ali@yahoo.com,987654321.0,176.36,5/28/2025,,3.0,,female
CUST2090,Ali Ali,,male,ali.ali@gmail.com,123456789.0,625.98,10/7/2024,Home,1.0,,male
CUST2091,Lina Smith,-1.0,female,lina.smith@hotmail.com,,638.58,8/19/2023,,4.0,,female
CUST2092,Sara Ali,-1.0,Male,sara.ali@hotmail.com,987654321.0,238.09,6/16/2024,Clothing,1.0,,Male
CUST2093,Alaa Smith,,F,alaa.smith@gmail.com,987654321.0,104.8,4/7/2024,Clothing,,,F
CUST2094,Sara Mahmoud,38.0,Female,sara.mahmoud@yahoo.com,,903.58,5/18/2025,Clothing,5.0,,Female
CUST2095,John Hassan,89.0,Female,john.hassan@hotmail.com,987654321.0,358.39,2/28/2024,Books,5.0,,Female
CUST2096,Ali Ibrahim,-1.0,male,ali.ibrahim@hotmail.com,,656.05,11/12/2023,Books,,,male
CUST2097,Fatma Hassan,-1.0,female,fatma.hassan@gmail.com,,320.98,11/9/2024,,3.0,,female
CUST2098,Alaa Smith,41.0,M,alaa.smith@hotmail.com,,255.2,1/2/2024,Home,,,M
CUST2099,Ali Ali,-1.0,Male,ali.ali@yahoo.com,123456789.0,347.66,3/31/2024,Clothing,,,Male
CUST2100,Mark Smith,,F,mark.smith@yahoo.com,,418.12,4/12/2024,Clothing,1.0,,F
CUST2101,Alaa Smith,200.0,male,alaa.smith@hotmail.com,123456789.0,724.67,11/29/2022,Home,,,male
CUST2102,Ali Hassan,64.0,F,ali.hassan@hotmail.com,987654321.0,977.19,3/25/2024,Home,5.0,,F
CUST2103,Sara Ibrahim,,M,sara.ibrahim@yahoo.com,,,7/24/2024,Clothing,3.0,,M
CUST2104,Alaa Ali,-1.0,M,alaa.ali@hotmail.com,,550.31,12/26/2024,Electronics,4.0,,M
CUST2105,John Mahmoud,,Male,john.mahmoud@yahoo.com,,339.68,5/2/2024,,2.0,,Male
CUST2106,Mark Smith,22.0,Male,mark.smith@gmail.com,987654321.0,940.78,2/12/2023,Books,4.0,,Male
CUST2107,Ahmed Hassan,-1.0,male,ahmed.hassan@yahoo.com,,322.99,4/1/2023,,5.0,,male
CUST2108,Ali Smith,200.0,Female,ali.smith@yahoo.com,,83.73,3/7/2025,Books,,,Female
CUST2109,Fatma Hassan,-1.0,Male,fatma.hassan@hotmail.com,123456789.0,766.15,3/5/2025,,3.0,,Male
CUST2110,Sara Gaber,-1.0,Male,sara.gaber@gmail.com,,200.7,32/13/2020,Clothing,1.0,,Male
CUST2111,Sara Hassan,200.0,Female,sara.hassan@yahoo.com,,283.4,5/22/2023,Home,,,Female
CUST2112,Lina Ibrahim,-1.0,male,lina.ibrahim@yahoo.com,123456789.0,501.88,5/23/2025,Books,1.0,,male
CUST2113,Sara Ibrahim,-1.0,male,sara.ibrahim@hotmail.com,,495.01,4/14/2024,Clothing,,,male
CUST2114,John Ibrahim,,female,john.ibrahim@hotmail.com,,236.87,8/19/2024,Books,,,female
CUST2115,Mark Smith,,Female,mark.smith@gmail.com,987654321.0,833.24,5/1/2025,Books,3.0,,Female
CUST2116,Fatma Gaber,,M,fatma.gaber@yahoo.com,987654321.0,74.67,7/22/2023,Clothing,5.0,,M
CUST2117,Mark Mahmoud,-1.0,Female,mark.mahmoud@yahoo.com,987654321.0,19.29,7/6/2024,,5.0,,Female
CUST2118,Fatma Ali,48.0,M,fatma.ali@yahoo.com,,963.2,6/25/2023,Books,1.0,,M
CUST2119,Mark Smith,200.0,Female,mark.smith@hotmail.com,,175.16,9/24/2024,Clothing,2.0,,Female
CUST2120,John Ali,,,john.ali@hotmail.com,,578.93,3/13/2024,,,,
CUST2121,John Smith,-1.0,female,john.smith@yahoo.com,,969.11,11/15/2022,Clothing,5.0,,female
CUST2122,Ahmed Hassan,81.0,F,ahmed.hassan@gmail.com,123456789.0,395.15,9/4/2023,Clothing,5.0,,F
CUST2123,Ali Ali,,F,ali.ali@yahoo.com,,677.07,7/3/2024,Electronics,3.0,,F
CUST2124,Fatma Ibrahim,-1.0,,fatma.ibrahim@gmail.com,987654321.0,,5/6/2025,Toys,5.0,,
CUST2125,Fatma Smith,,F,fatma.smith@yahoo.com,,857.02,8/5/2024,Toys,5.0,,F
CUST2126,Ahmed Hassan,200.0,Male,ahmed.hassan@gmail.com,,884.53,11/6/2024,,4.0,,Male
CUST2127,Lina Hassan,-1.0,male,lina.hassan@hotmail.com,123456789.0,555.05,8/13/2023,Books,2.0,,male
CUST2128,Alaa Ibrahim,200.0,,alaa.ibrahim@hotmail.com,123456789.0,894.09,12/14/2024,Clothing,10.0,,
CUST2129,Ali Smith,50.0,F,ali.smith@yahoo.com,123456789.0,600.89,10/6/2024,Toys,5.0,,F
CUST2130,Lina Mahmoud,,M,lina.mahmoud@gmail.com,,464.07,8/16/2024,,2.0,,M
CUST2131,Ali Gaber,-1.0,Male,ali.gaber@hotmail.com,123456789.0,957.64,3/3/2025,Clothing,1.0,,Male
CUST2132,Mark Mahmoud,200.0,Female,mark.mahmoud@hotmail.com,123456789.0,956.25,32/13/2020,Home,2.0,,Female
CUST2133,Ahmed Hassan,-1.0,Male,ahmed.hassan@gmail.com,123456789.0,82.25,3/2/2025,Electronics,1.0,,Male
CUST2134,Alaa Smith,-1.0,male,alaa.smith@gmail.com,123456789.0,676.34,1/29/2024,Home,10.0,,male
CUST2135,John Ibrahim,200.0,M,john.ibrahim@yahoo.com,123456789.0,376.63,3/10/2023,Books,10.0,,M
CUST2136,Ali Ali,,male,ali.ali@yahoo.com,123456789.0,,5/18/2024,Clothing,10.0,,male
CUST2137,Sara Ali,200.0,male,sara.ali@gmail.com,,936.44,32/13/2020,Clothing,4.0,,male
CUST2138,Lina Smith,200.0,female,lina.smith@hotmail.com,123456789.0,,5/10/2024,Books,1.0,,female
CUST2139,John Mahmoud,-1.0,female,john.mahmoud@gmail.com,123456789.0,284.32,2/24/2025,Clothing,3.0,,female
CUST2140,Alaa Smith,76.0,Female,alaa.smith@yahoo.com,123456789.0,614.68,9/26/2024,Books,10.0,,Female
CUST2141,Fatma Ali,-1.0,M,fatma.ali@gmail.com,,501.28,4/15/2024,Toys,4.0,,M
CUST2142,Ali Ibrahim,,female,ali.ibrahim@yahoo.com,123456789.0,785.23,12/17/2023,,2.0,,female
CUST2143,Mark Ibrahim,,M,mark.ibrahim@gmail.com,123456789.0,900.34,6/9/2023,Clothing,,,M
CUST2144,Fatma Hassan,-1.0,,fatma.hassan@yahoo.com,987654321.0,623.04,11/22/2022,,1.0,,
CUST2145,Alaa Gaber,200.0,Female,alaa.gaber@hotmail.com,123456789.0,978.99,3/6/2025,Books,,,Female
CUST2146,Mark Hassan,,male,mark.hassan@gmail.com,123456789.0,429.65,4/6/2023,,5.0,,male
CUST2147,John Ibrahim,74.0,female,john.ibrahim@yahoo.com,,165.22,12/4/2022,Toys,10.0,,female
CUST2148,Sara Gaber,,male,sara.gaber@hotmail.com,123456789.0,485.26,12/7/2023,Electronics,10.0,,male
CUST2149,John Ali,-1.0,male,john.ali@gmail.com,,370.39,7/13/2024,,5.0,,male
CUST2150,John Smith,58.0,Female,john.smith@gmail.com,,156.25,5/6/2023,Electronics,,,Female
CUST2151,Ahmed Hassan,86.0,female,ahmed.hassan@yahoo.com,987654321.0,827.57,1/6/2023,Books,,,female
CUST2152,Alaa Mahmoud,200.0,male,alaa.mahmoud@hotmail.com,,451.21,12/27/2024,,10.0,,male
CUST2153,Mark Smith,73.0,female,mark.smith@gmail.com,987654321.0,976.66,4/19/2024,Clothing,5.0,,female
CUST2154,Mark Mahmoud,44.0,Female,mark.mahmoud@hotmail.com,987654321.0,632.7,6/15/2023,Electronics,1.0,,Female
CUST2155,Sara Gaber,200.0,male,sara.gaber@hotmail.com,,798.39,7/6/2025,Books,,,male
CUST2156,Ahmed Mahmoud,-1.0,Male,ahmed.mahmoud@hotmail.com,123456789.0,698.47,4/22/2023,Clothing,4.0,,Male
CUST2157,Ali Smith,-1.0,F,ali.smith@hotmail.com,123456789.0,280.93,32/13/2020,Toys,10.0,,F
CUST2158,Alaa Ibrahim,-1.0,male,alaa.ibrahim@hotmail.com,987654321.0,963.19,7/15/2025,,4.0,,male
CUST2159,John Ibrahim,200.0,female,john.ibrahim@hotmail.com,987654321.0,,6/29/2024,Clothing,,,female
CUST2160,Ali Ali,,male,ali.ali@yahoo.com,,651.22,6/27/2024,Toys,1.0,,male
CUST2161,Ali Ali,-1.0,female,ali.ali@gmail.com,987654321.0,835.75,4/27/2024,Books,4.0,,female
CUST2162,Fatma Ali,,male,fatma.ali@gmail.com,123456789.0,415.16,11/27/2022,Home,,,male
CUST2163,Alaa Ali,18.0,Female,alaa.ali@yahoo.com,,13.0,11/17/2023,,2.0,,Female
CUST2164,Fatma Smith,200.0,Male,fatma.smith@yahoo.com,123456789.0,577.39,1/1/2025,,10.0,,Male
CUST2165,Alaa Hassan,55.0,,alaa.hassan@yahoo.com,,862.44,5/20/2024,,10.0,,
CUST2166,Sara Smith,,female,sara.smith@yahoo.com,123456789.0,804.4,12/30/2022,Clothing,5.0,,female
CUST2167,Ali Ibrahim,44.0,M,ali.ibrahim@gmail.com,,,9/27/2024,Home,4.0,,M
CUST2168,John Gaber,90.0,Female,john.gaber@yahoo.com,987654321.0,683.68,5/13/2024,,1.0,,Female
CUST2169,Alaa Ibrahim,200.0,M,alaa.ibrahim@hotmail.com,987654321.0,476.61,2/27/2024,Books,2.0,,M
CUST2170,Ali Ali,70.0,,ali.ali@gmail.com,,17.77,4/10/2023,Books,,,
CUST2171,Fatma Hassan,-1.0,Female,fatma.hassan@gmail.com,,611.01,11/15/2024,Electronics,1.0,,Female
CUST2172,Ahmed Gaber,200.0,F,ahmed.gaber@hotmail.com,,284.3,8/18/2023,Books,4.0,,F
CUST2173,Ali Smith,,Male,ali.smith@hotmail.com,123456789.0,,1/28/2023,Electronics,3.0,,Male
CUST2174,Fatma Hassan,200.0,M,fatma.hassan@yahoo.com,,,2/22/2023,Electronics,5.0,,M
CUST2175,Mark Hassan,90.0,male,mark.hassan@yahoo.com,987654321.0,753.1,32/13/2020,Home,5.0,,male
CUST2176,Ali Ibrahim,200.0,F,ali.ibrahim@gmail.com,123456789.0,36.36,12/15/2023,,1.0,,F
CUST2177,Mark Ali,41.0,female,mark.ali@yahoo.com,987654321.0,827.83,3/16/2024,Books,4.0,,female
CUST2178,Ahmed Smith,-1.0,Female,ahmed.smith@gmail.com,123456789.0,931.69,5/21/2024,,,,Female
CUST2179,Alaa Ali,32.0,male,alaa.ali@hotmail.com,987654321.0,652.15,6/24/2023,Home,3.0,,male
CUST2180,Fatma Mahmoud,,female,fatma.mahmoud@gmail.com,,,6/8/2024,Toys,5.0,,female
CUST2181,Fatma Gaber,63.0,Female,fatma.gaber@yahoo.com,,377.92,11/6/2023,Electronics,1.0,,Female
CUST2182,Mark Ali,18.0,Female,mark.ali@gmail.com,,846.93,32/13/2020,Home,5.0,,Female
CUST2183,Ahmed Ibrahim,,Male,ahmed.ibrahim@gmail.com,123456789.0,915.64,2/24/2024,Clothing,10.0,,Male
CUST2184,Fatma Gaber,200.0,F,fatma.gaber@hotmail.com,987654321.0,778.09,8/13/2024,Books,,,F
CUST2185,Ali Hassan,,,ali.hassan@hotmail.com,,925.19,5/5/2024,,5.0,,
CUST2186,Mark Hassan,,Male,mark.hassan@yahoo.com,,513.62,5/18/2025,Electronics,5.0,,Male
CUST2187,Lina Smith,,female,lina.smith@gmail.com,,297.71,11/22/2022,Toys,5.0,,female
CUST2188,Ahmed Gaber,,female,ahmed.gaber@gmail.com,987654321.0,808.28,7/10/2024,,5.0,,female
CUST2189,Ali Hassan,62.0,Female,ali.hassan@hotmail.com,,940.72,12/30/2023,,,,Female
CUST2190,Ali Ali,200.0,Female,ali.ali@hotmail.com,987654321.0,196.88,10/1/2024,,,,Female
CUST2191,Lina Gaber,43.0,,lina.gaber@gmail.com,,261.2,1/17/2023,,5.0,,
CUST2192,Fatma Hassan,-1.0,female,fatma.hassan@yahoo.com,123456789.0,382.28,2/25/2024,,10.0,,female
CUST2193,Ali Hassan,,Male,ali.hassan@gmail.com,987654321.0,314.57,3/19/2024,Home,4.0,,Male
CUST2194,Lina Ali,88.0,F,lina.ali@yahoo.com,987654321.0,,12/16/2023,Toys,2.0,,F
CUST2195,Lina Gaber,-1.0,Female,lina.gaber@gmail.com,987654321.0,574.61,4/10/2024,Clothing,10.0,,Female
CUST2196,Fatma Hassan,,F,fatma.hassan@hotmail.com,,,6/10/2024,Books,,,F
CUST2197,Lina Ibrahim,,Female,lina.ibrahim@hotmail.com,,,9/20/2023,Electronics,1.0,,Female
CUST2198,John Smith,,male,john.smith@yahoo.com,123456789.0,79.68,7/10/2025,Electronics,2.0,,male
CUST2199,Ali Ibrahim,19.0,Female,ali.ibrahim@gmail.com,987654321.0,433.06,9/8/2023,Home,3.0,,Female
CUST2200,Fatma Smith,,F,fatma.smith@yahoo.com,,510.29,4/9/2024,Books,,,F
CUST2201,Lina Smith,,F,lina.smith@yahoo.com,,394.93,11/14/2023,Clothing,5.0,,F
CUST2202,Lina Smith,-1.0,,lina.smith@yahoo.com,,643.35,2/1/2024,Toys,4.0,,
CUST2203,Lina Ali,,male,lina.ali@yahoo.com,987654321.0,244.49,1/9/2025,Home,1.0,,male
CUST2204,Ahmed Ibrahim,-1.0,male,ahmed.ibrahim@gmail.com,,407.95,8/1/2024,,3.0,,male
CUST2205,Ali Smith,-1.0,male,ali.smith@yahoo.com,987654321.0,,9/1/2024,,3.0,,male
CUST2206,Lina Gaber,-1.0,Male,lina.gaber@yahoo.com,,781.75,12/2/2023,Toys,5.0,,Male
CUST2207,Ali Gaber,15.0,female,ali.gaber@gmail.com,,283.69,6/25/2023,Electronics,4.0,,female
CUST2208,Lina Mahmoud,200.0,,lina.mahmoud@gmail.com,,840.98,11/2/2022,Home,3.0,,
CUST2209,Mark Smith,-1.0,M,mark.smith@hotmail.com,,286.59,11/4/2024,Books,3.0,,M
CUST2210,John Smith,55.0,female,john.smith@yahoo.com,,300.97,9/2/2023,,3.0,,female
CUST2211,Ali Ali,200.0,female,ali.ali@yahoo.com,,889.53,5/28/2024,Books,5.0,,female
CUST2212,Fatma Hassan,-1.0,Male,fatma.hassan@gmail.com,,733.62,5/25/2024,Clothing,10.0,,Male
CUST2213,Ahmed Gaber,-1.0,,ahmed.gaber@hotmail.com,987654321.0,964.72,6/2/2024,Toys,4.0,,
CUST2214,John Ali,15.0,,john.ali@hotmail.com,123456789.0,561.81,7/3/2023,,3.0,,
CUST2215,Ahmed Ibrahim,39.0,Female,ahmed.ibrahim@gmail.com,123456789.0,560.21,5/15/2024,Books,,,Female
CUST2216,Lina Ali,200.0,Male,lina.ali@yahoo.com,123456789.0,799.32,11/29/2024,Books,5.0,,Male
CUST2217,Alaa Smith,200.0,M,alaa.smith@gmail.com,987654321.0,535.6,7/1/2025,Clothing,4.0,,M
CUST2218,Mark Gaber,20.0,M,mark.gaber@yahoo.com,,610.87,12/3/2024,Electronics,1.0,,M
CUST2219,Fatma Hassan,-1.0,female,fatma.hassan@gmail.com,987654321.0,739.49,11/5/2022,Electronics,2.0,,female
CUST2220,Fatma Mahmoud,37.0,,fatma.mahmoud@yahoo.com,987654321.0,92.52,6/24/2024,Home,3.0,,
CUST2221,Sara Ali,-1.0,,sara.ali@hotmail.com,987654321.0,769.91,5/10/2024,,2.0,,
CUST2222,Alaa Gaber,200.0,male,alaa.gaber@hotmail.com,,321.65,11/7/2023,Home,3.0,,male
CUST2223,Mark Ali,90.0,Female,mark.ali@gmail.com,,92.17,7/11/2025,,,,Female
CUST2224,Sara Mahmoud,-1.0,female,sara.mahmoud@yahoo.com,987654321.0,760.72,6/17/2025,Clothing,5.0,,female
CUST2225,Mark Hassan,-1.0,,mark.hassan@yahoo.com,,35.74,32/13/2020,Home,5.0,,
CUST2226,Ali Ibrahim,,,ali.ibrahim@yahoo.com,,235.96,2/14/2025,Clothing,5.0,,
CUST2227,Ali Gaber,200.0,female,ali.gaber@gmail.com,,720.59,11/6/2023,Clothing,3.0,,female
CUST2228,John Ibrahim,82.0,female,john.ibrahim@gmail.com,987654321.0,978.34,9/3/2024,,1.0,,female
CUST2229,Lina Mahmoud,200.0,Female,lina.mahmoud@gmail.com,,972.71,6/5/2024,Toys,,,Female
CUST2230,Lina Hassan,200.0,Female,lina.hassan@yahoo.com,987654321.0,98.1,10/5/2024,,1.0,,Female
CUST2231,Lina Hassan,,M,lina.hassan@gmail.com,,608.34,3/7/2025,,10.0,,M
CUST2232,Lina Mahmoud,-1.0,female,lina.mahmoud@yahoo.com,,864.48,2/16/2023,Toys,5.0,,female
CUST2233,Mark Mahmoud,,F,mark.mahmoud@hotmail.com,987654321.0,614.65,6/21/2023,Electronics,,,F
CUST2234,Sara Hassan,,Female,sara.hassan@hotmail.com,987654321.0,512.14,4/19/2023,Electronics,5.0,,Female
CUST2235,Ali Smith,-1.0,Male,ali.smith@gmail.com,987654321.0,293.0,32/13/2020,Electronics,4.0,,Male
CUST2236,John Smith,36.0,Female,john.smith@hotmail.com,,797.0,5/20/2024,Toys,4.0,,Female
CUST2237,Ali Gaber,61.0,M,ali.gaber@gmail.com,987654321.0,580.13,1/1/2025,,4.0,,M
CUST2238,Fatma Mahmoud,-1.0,Male,fatma.mahmoud@hotmail.com,,366.81,6/15/2024,,4.0,,Male
CUST2239,Lina Ali,200.0,female,lina.ali@hotmail.com,,140.35,8/8/2023,Toys,2.0,,female
CUST2240,Alaa Mahmoud,200.0,M,alaa.mahmoud@hotmail.com,987654321.0,167.11,9/10/2023,Toys,3.0,,M
CUST2241,Mark Smith,200.0,Male,mark.smith@gmail.com,987654321.0,973.54,6/7/2023,,1.0,,Male
CUST2242,John Mahmoud,200.0,F,john.mahmoud@hotmail.com,,20.42,10/1/2024,Toys,,,F
CUST2243,Sara Smith,,,sara.smith@yahoo.com,123456789.0,829.61,10/5/2023,Books,5.0,,
CUST2244,Ahmed Ibrahim,200.0,female,ahmed.ibrahim@gmail.com,123456789.0,767.34,6/10/2025,Electronics,3.0,,female
CUST2245,Fatma Smith,-1.0,Female,fatma.smith@gmail.com,,330.11,1/16/2023,,2.0,,Female
CUST2246,Ali Mahmoud,200.0,male,ali.mahmoud@hotmail.com,,535.87,1/6/2025,Electronics,1.0,,male
CUST2247,Fatma Hassan,-1.0,,fatma.hassan@hotmail.com,123456789.0,986.02,12/24/2022,Home,4.0,,
CUST2248,Lina Ali,51.0,female,lina.ali@hotmail.com,987654321.0,139.4,7/5/2024,Books,5.0,,female
CUST2249,Ahmed Ali,,,ahmed.ali@gmail.com,987654321.0,863.48,10/31/2022,Toys,,,
CUST2250,Ahmed Ali,,,ahmed.ali@gmail.com,123456789.0,,1/18/2025,,,,
CUST2251,Fatma Gaber,,male,fatma.gaber@gmail.com,123456789.0,67.6,5/12/2024,Home,1.0,,male
CUST2252,John Ali,,Female,john.ali@yahoo.com,,420.72,5/2/2023,Clothing,2.0,,Female
CUST2253,Fatma Ali,-1.0,Female,fatma.ali@yahoo.com,,284.8,6/28/2023,,5.0,,Female
CUST2254,Fatma Hassan,200.0,female,fatma.hassan@gmail.com,987654321.0,244.38,2/14/2025,Books,1.0,,female
CUST2255,Sara Ibrahim,,Female,sara.ibrahim@gmail.com,,557.95,6/29/2024,Electronics,10.0,,Female
CUST2256,Ahmed Smith,-1.0,M,ahmed.smith@hotmail.com,123456789.0,754.51,1/18/2024,Electronics,2.0,,M
CUST2257,John Ali,35.0,M,john.ali@hotmail.com,987654321.0,374.71,11/26/2022,Clothing,1.0,,M
CUST2258,Fatma Ibrahim,,M,fatma.ibrahim@gmail.com,,481.85,10/13/2024,,1.0,,M
CUST2259,Mark Smith,-1.0,M,mark.smith@yahoo.com,987654321.0,653.34,2/12/2023,Home,4.0,,M
CUST2260,John Mahmoud,65.0,Female,john.mahmoud@gmail.com,,574.72,2/25/2025,Clothing,4.0,,Female
CUST2261,Alaa Ibrahim,51.0,Female,alaa.ibrahim@hotmail.com,123456789.0,801.49,7/9/2024,,,,Female
CUST2262,Ahmed Smith,,,ahmed.smith@hotmail.com,987654321.0,144.72,4/10/2024,Books,1.0,,
CUST2263,Ahmed Gaber,-1.0,female,ahmed.gaber@yahoo.com,123456789.0,768.15,5/20/2025,Toys,,,female
CUST2264,Mark Ali,48.0,female,mark.ali@gmail.com,,585.62,11/18/2022,Books,2.0,,female
CUST2265,Sara Ali,200.0,Female,sara.ali@gmail.com,123456789.0,475.61,7/17/2025,Home,10.0,,Female
CUST2266,Lina Smith,49.0,M,lina.smith@gmail.com,123456789.0,280.36,3/22/2024,,10.0,,M
CUST2267,Ahmed Ibrahim,,M,ahmed.ibrahim@yahoo.com,123456789.0,814.36,10/15/2023,Home,1.0,,M
CUST2268,Lina Ibrahim,200.0,M,lina.ibrahim@hotmail.com,987654321.0,175.5,5/25/2024,,2.0,,M
CUST2269,John Smith,200.0,female,john.smith@gmail.com,,227.25,5/23/2024,Books,2.0,,female
CUST2270,Alaa Ibrahim,-1.0,M,alaa.ibrahim@yahoo.com,987654321.0,342.32,6/21/2023,Home,10.0,,M
CUST2271,Ali Ali,200.0,male,ali.ali@gmail.com,123456789.0,538.81,11/20/2024,Home,5.0,,male
CUST2272,Fatma Ibrahim,31.0,female,fatma.ibrahim@gmail.com,,727.25,11/24/2023,,4.0,,female
CUST2273,Fatma Ibrahim,200.0,female,fatma.ibrahim@hotmail.com,123456789.0,162.53,1/20/2025,Home,,,female
CUST2274,John Mahmoud,-1.0,M,john.mahmoud@yahoo.com,,6.42,8/23/2024,Toys,2.0,,M
CUST2275,Ahmed Mahmoud,-1.0,,ahmed.mahmoud@yahoo.com,,653.18,11/9/2024,Toys,1.0,,
CUST2276,Alaa Hassan,77.0,male,alaa.hassan@gmail.com,,947.43,10/1/2024,Clothing,5.0,,male
CUST2277,Ahmed Gaber,,M,ahmed.gaber@gmail.com,,940.11,32/13/2020,Electronics,,,M
CUST2278,Ahmed Gaber,-1.0,M,ahmed.gaber@hotmail.com,123456789.0,155.92,4/21/2024,Home,1.0,,M
CUST2279,John Hassan,-1.0,female,john.hassan@yahoo.com,987654321.0,823.84,32/13/2020,,1.0,,female
CUST2280,Fatma Hassan,32.0,Female,fatma.hassan@yahoo.com,987654321.0,788.14,11/10/2022,,5.0,,Female
CUST2281,Ahmed Smith,55.0,,ahmed.smith@gmail.com,123456789.0,986.3,3/26/2025,Electronics,3.0,,
CUST2282,Ali Ibrahim,200.0,male,ali.ibrahim@yahoo.com,,56.47,8/24/2024,Home,3.0,,male
CUST2283,Lina Ibrahim,-1.0,Male,lina.ibrahim@yahoo.com,,333.17,4/11/2024,Toys,4.0,,Male
CUST2284,John Hassan,200.0,M,john.hassan@hotmail.com,,438.39,4/11/2023,Electronics,4.0,,M
CUST2285,Alaa Hassan,43.0,male,alaa.hassan@yahoo.com,987654321.0,836.11,6/1/2023,,,,male
CUST2286,John Mahmoud,-1.0,M,john.mahmoud@hotmail.com,,884.5,8/15/2024,Home,2.0,,M
CUST2287,Fatma Mahmoud,-1.0,female,fatma.mahmoud@gmail.com,,704.74,32/13/2020,Toys,,,female
CUST2288,Sara Mahmoud,,female,sara.mahmoud@hotmail.com,,379.05,6/27/2024,Clothing,,,female
CUST2289,Sara Gaber,,female,sara.gaber@yahoo.com,987654321.0,645.64,7/18/2023,Electronics,3.0,,female
CUST2290,Sara Ibrahim,,Female,sara.ibrahim@gmail.com,,748.21,10/2/2023,,2.0,,Female
CUST2291,John Mahmoud,200.0,Female,john.mahmoud@yahoo.com,123456789.0,331.71,2/22/2024,Clothing,3.0,,Female
CUST2292,Mark Ali,200.0,F,mark.ali@yahoo.com,123456789.0,959.93,11/17/2024,Toys,3.0,,F
CUST2293,John Gaber,78.0,male,john.gaber@yahoo.com,987654321.0,878.9,12/10/2022,Home,1.0,,male
CUST2294,Fatma Hassan,200.0,F,fatma.hassan@yahoo.com,123456789.0,741.76,11/14/2022,Home,10.0,,F
CUST2295,John Gaber,,male,john.gaber@hotmail.com,,329.58,10/9/2023,Toys,4.0,,male
CUST2296,Fatma Smith,-1.0,Female,fatma.smith@gmail.com,,68.86,9/17/2024,Toys,4.0,,Female
CUST2297,Lina Smith,28.0,male,lina.smith@hotmail.com,987654321.0,512.36,6/24/2023,Clothing,1.0,,male
CUST2298,Ahmed Smith,,F,ahmed.smith@gmail.com,123456789.0,312.14,7/26/2024,Clothing,5.0,,F
CUST2299,Alaa Hassan,,Male,alaa.hassan@hotmail.com,,485.41,11/30/2023,Books,3.0,,Male
CUST2300,Fatma Mahmoud,-1.0,F,fatma.mahmoud@yahoo.com,987654321.0,557.38,7/8/2025,Electronics,10.0,,F
CUST2301,Ali Hassan,-1.0,male,ali.hassan@gmail.com,,841.55,10/26/2024,Books,2.0,,male
CUST2302,Ahmed Smith,,,ahmed.smith@yahoo.com,,,32/13/2020,,,,
CUST2303,Ali Hassan,-1.0,M,ali.hassan@yahoo.com,,927.29,11/25/2023,Home,,,M
CUST2304,Mark Smith,,Male,mark.smith@hotmail.com,,766.28,2/7/2025,Electronics,2.0,,Male
CUST2305,Fatma Ibrahim,-1.0,,fatma.ibrahim@yahoo.com,123456789.0,630.39,12/29/2023,Clothing,5.0,,
CUST2306,Alaa Mahmoud,200.0,M,alaa.mahmoud@yahoo.com,,712.47,32/13/2020,Clothing,4.0,,M
CUST2307,Ahmed Smith,-1.0,Female,ahmed.smith@hotmail.com,,987.16,4/23/2025,Toys,1.0,,Female
CUST2308,Lina Ali,25.0,male,lina.ali@hotmail.com,,129.05,12/5/2023,Books,4.0,,male
CUST2309,Alaa Ali,200.0,male,alaa.ali@yahoo.com,123456789.0,305.61,10/6/2023,Clothing,3.0,,male
CUST2310,Mark Gaber,34.0,Female,mark.gaber@hotmail.com,,65.4,6/30/2025,Books,5.0,,Female
CUST2311,Ali Gaber,,F,ali.gaber@gmail.com,,764.36,3/8/2024,Electronics,3.0,,F
CUST2312,John Ali,,Male,john.ali@hotmail.com,,96.81,4/5/2024,,4.0,,Male
CUST2313,Fatma Gaber,-1.0,male,fatma.gaber@hotmail.com,,490.35,8/3/2024,Books,5.0,,male
CUST2314,Ali Mahmoud,,F,ali.mahmoud@yahoo.com,,557.11,10/11/2023,,10.0,,F
CUST2315,John Mahmoud,80.0,M,john.mahmoud@gmail.com,,262.87,3/25/2023,,5.0,,M
CUST2316,Mark Ibrahim,-1.0,,mark.ibrahim@yahoo.com,987654321.0,291.61,4/29/2023,Electronics,10.0,,
CUST2317,Fatma Hassan,200.0,F,fatma.hassan@yahoo.com,,,3/16/2024,Clothing,3.0,,F
CUST2318,Sara Ali,-1.0,male,sara.ali@yahoo.com,,590.9,11/16/2024,,5.0,,male
CUST2319,Mark Gaber,85.0,Female,mark.gaber@hotmail.com,,106.06,11/13/2022,Clothing,1.0,,Female
CUST2320,Ahmed Ali,,female,ahmed.ali@hotmail.com,987654321.0,576.62,32/13/2020,Clothing,,,female
CUST2321,Ali Smith,59.0,Male,ali.smith@gmail.com,123456789.0,59.13,11/7/2023,,10.0,,Male
CUST2322,Mark Mahmoud,,Female,mark.mahmoud@hotmail.com,123456789.0,682.31,6/25/2024,Electronics,2.0,,Female
CUST2323,Sara Mahmoud,200.0,Male,sara.mahmoud@gmail.com,,721.91,12/12/2022,,5.0,,Male
CUST2324,Sara Ali,60.0,M,sara.ali@hotmail.com,123456789.0,365.96,4/2/2025,Home,3.0,,M
CUST2325,Mark Hassan,57.0,male,mark.hassan@hotmail.com,123456789.0,30.53,1/13/2025,Home,5.0,,male
CUST2326,Alaa Ali,39.0,Male,alaa.ali@hotmail.com,,535.16,32/13/2020,Books,2.0,,Male
CUST2327,Mark Ali,,,mark.ali@gmail.com,,773.86,5/3/2024,Toys,4.0,,
CUST2328,John Smith,200.0,female,john.smith@yahoo.com,,443.31,32/13/2020,Electronics,4.0,,female
CUST2329,Ahmed Hassan,200.0,male,ahmed.hassan@yahoo.com,123456789.0,521.88,4/28/2023,Electronics,2.0,,male
CUST2330,John Gaber,200.0,M,john.gaber@gmail.com,,37.03,3/26/2025,,3.0,,M
CUST2331,Lina Hassan,,Male,lina.hassan@gmail.com,,667.73,3/2/2025,,5.0,,Male
CUST2332,Ahmed Ali,-1.0,male,ahmed.ali@gmail.com,,994.27,32/13/2020,Clothing,5.0,,male
CUST2333,Lina Mahmoud,,male,lina.mahmoud@hotmail.com,987654321.0,768.11,5/25/2025,Home,,,male
CUST2334,Ali Hassan,42.0,female,ali.hassan@hotmail.com,,689.32,3/31/2025,Clothing,2.0,,female
CUST2335,Lina Smith,200.0,M,lina.smith@gmail.com,987654321.0,125.21,5/10/2025,Clothing,2.0,,M
CUST2336,Ahmed Smith,200.0,,ahmed.smith@hotmail.com,987654321.0,924.15,1/24/2025,Toys,4.0,,
CUST2337,Ahmed Smith,200.0,Female,ahmed.smith@yahoo.com,,642.13,11/22/2022,,5.0,,Female
CUST2338,Ali Gaber,-1.0,M,ali.gaber@gmail.com,,174.72,9/29/2024,Books,,,M
CUST2339,John Mahmoud,-1.0,M,john.mahmoud@hotmail.com,,508.0,7/9/2025,Toys,3.0,,M
CUST2340,Fatma Ali,37.0,M,fatma.ali@hotmail.com,123456789.0,61.59,6/2/2023,,5.0,,M
CUST2341,Alaa Ibrahim,50.0,male,alaa.ibrahim@hotmail.com,,878.58,9/27/2024,Home,4.0,,male
CUST2342,Sara Mahmoud,200.0,,sara.mahmoud@hotmail.com,,713.21,4/1/2023,Clothing,3.0,,
CUST2343,Lina Mahmoud,,,lina.mahmoud@yahoo.com,,201.25,5/1/2023,Clothing,10.0,,
CUST2344,John Hassan,,Male,john.hassan@gmail.com,,143.2,1/22/2023,,10.0,,Male
CUST2345,Ahmed Ali,54.0,female,ahmed.ali@hotmail.com,,5.06,4/23/2024,Toys,2.0,,female
CUST2346,Mark Ali,200.0,M,mark.ali@hotmail.com,123456789.0,625.29,4/7/2023,Books,,,M
CUST2347,Ahmed Ibrahim,,Male,ahmed.ibrahim@hotmail.com,,336.62,9/1/2024,Books,10.0,,Male
CUST2348,John Ibrahim,,,john.ibrahim@hotmail.com,123456789.0,597.64,3/15/2023,Electronics,,,
CUST2349,Mark Ibrahim,200.0,Male,mark.ibrahim@yahoo.com,987654321.0,170.19,3/27/2024,,1.0,,Male
CUST2350,Alaa Smith,,F,alaa.smith@hotmail.com,123456789.0,216.17,11/5/2023,,2.0,,F
CUST2351,Sara Ali,,M,sara.ali@yahoo.com,,814.16,11/2/2023,Toys,,,M
CUST2352,Alaa Ali,-1.0,F,alaa.ali@gmail.com,,,5/9/2025,Electronics,2.0,,F
CUST2353,Sara Smith,-1.0,female,sara.smith@hotmail.com,,752.92,2/15/2025,Home,4.0,,female
CUST2354,Fatma Gaber,-1.0,Male,fatma.gaber@hotmail.com,987654321.0,163.03,32/13/2020,Home,2.0,,Male
CUST2355,Mark Hassan,,,mark.hassan@yahoo.com,,264.91,7/15/2023,Books,2.0,,
CUST2356,Lina Smith,-1.0,M,lina.smith@yahoo.com,123456789.0,875.9,12/30/2023,Toys,2.0,,M
CUST2357,Ali Gaber,200.0,,ali.gaber@gmail.com,,72.86,5/14/2025,Books,10.0,,
CUST2358,Lina Ibrahim,84.0,M,lina.ibrahim@yahoo.com,123456789.0,25.6,4/2/2023,Books,,,M
CUST2359,John Ibrahim,200.0,M,john.ibrahim@yahoo.com,,891.79,32/13/2020,Clothing,,,M
CUST2360,Fatma Ali,,Male,fatma.ali@hotmail.com,987654321.0,483.05,6/4/2024,,,,Male
CUST2361,Fatma Smith,200.0,male,fatma.smith@gmail.com,,609.79,3/8/2023,,4.0,,male
CUST2362,John Mahmoud,200.0,female,john.mahmoud@hotmail.com,123456789.0,297.31,1/6/2025,Home,2.0,,female
CUST2363,John Ibrahim,,Female,john.ibrahim@hotmail.com,,791.03,2/18/2023,,4.0,,Female
CUST2364,Ali Ibrahim,-1.0,Male,ali.ibrahim@yahoo.com,,682.18,3/2/2023,Clothing,2.0,,Male
CUST2365,Sara Smith,,male,sara.smith@gmail.com,,374.82,10/29/2023,Electronics,1.0,,male
CUST2366,Sara Smith,-1.0,male,sara.smith@yahoo.com,,68.71,6/29/2024,Books,1.0,,male
CUST2367,Fatma Gaber,200.0,F,fatma.gaber@yahoo.com,,542.58,2/14/2023,Electronics,10.0,,F
CUST2368,Ali Mahmoud,,F,ali.mahmoud@gmail.com,123456789.0,814.7,7/31/2024,Toys,,,F
CUST2369,Ahmed Smith,,,ahmed.smith@gmail.com,123456789.0,362.69,32/13/2020,,10.0,,
CUST2370,Mark Ibrahim,68.0,M,mark.ibrahim@yahoo.com,123456789.0,746.02,8/1/2024,Books,3.0,,M
CUST2371,Alaa Ali,200.0,male,alaa.ali@yahoo.com,,503.61,10/21/2023,Clothing,,,male
CUST2372,Sara Hassan,82.0,F,sara.hassan@yahoo.com,,17.45,10/15/2024,Toys,3.0,,F
CUST2373,Fatma Ibrahim,59.0,Female,fatma.ibrahim@hotmail.com,123456789.0,970.76,3/12/2025,,1.0,,Female
CUST2374,Ali Smith,200.0,Male,ali.smith@yahoo.com,123456789.0,272.72,5/14/2023,Electronics,3.0,,Male
CUST2375,Ali Smith,,F,ali.smith@yahoo.com,987654321.0,525.83,1/1/2023,Books,1.0,,F
CUST2376,Mark Ibrahim,31.0,,mark.ibrahim@yahoo.com,123456789.0,646.27,2/15/2024,Electronics,5.0,,
CUST2377,Lina Mahmoud,48.0,M,lina.mahmoud@hotmail.com,987654321.0,430.04,3/22/2023,Electronics,10.0,,M
CUST2378,Alaa Hassan,-1.0,,alaa.hassan@hotmail.com,987654321.0,228.8,10/13/2024,Electronics,1.0,,
CUST2379,Ahmed Hassan,200.0,,ahmed.hassan@hotmail.com,123456789.0,315.18,4/2/2024,Clothing,5.0,,
CUST2380,Ali Ali,-1.0,F,ali.ali@yahoo.com,,582.07,2/24/2024,,1.0,,F
CUST2381,Ahmed Smith,56.0,female,ahmed.smith@hotmail.com,,551.08,11/8/2023,Books,10.0,,female
CUST2382,Mark Hassan,200.0,Female,mark.hassan@hotmail.com,123456789.0,321.63,32/13/2020,,4.0,,Female
CUST2383,Ahmed Ibrahim,-1.0,,ahmed.ibrahim@yahoo.com,987654321.0,95.98,12/20/2022,Electronics,5.0,,
CUST2384,Ali Ali,-1.0,Male,ali.ali@gmail.com,,633.57,4/6/2024,Books,1.0,,Male
CUST2385,Alaa Ali,-1.0,M,alaa.ali@gmail.com,123456789.0,549.06,5/9/2024,Clothing,3.0,,M
CUST2386,Mark Smith,39.0,male,mark.smith@gmail.com,987654321.0,581.97,32/13/2020,,2.0,,male
CUST2387,Ali Hassan,-1.0,F,ali.hassan@yahoo.com,,230.7,6/4/2023,Electronics,5.0,,F
CUST2388,John Ali,38.0,,john.ali@yahoo.com,,443.46,6/6/2025,Books,5.0,,
CUST2389,Alaa Mahmoud,-1.0,female,alaa.mahmoud@hotmail.com,,316.51,7/19/2023,Electronics,3.0,,female
CUST2390,Sara Ibrahim,47.0,Female,sara.ibrahim@gmail.com,987654321.0,156.92,11/14/2023,Home,5.0,,Female
CUST2391,Sara Hassan,-1.0,F,sara.hassan@gmail.com,,836.74,12/31/2023,Books,1.0,,F
CUST2392,Fatma Ali,-1.0,Female,fatma.ali@hotmail.com,123456789.0,742.5,2/6/2023,Toys,3.0,,Female
CUST2393,Lina Ibrahim,-1.0,F,lina.ibrahim@yahoo.com,987654321.0,631.58,2/9/2023,Electronics,1.0,,F
CUST2394,Ahmed Ibrahim,,male,ahmed.ibrahim@hotmail.com,987654321.0,,1/23/2024,Clothing,4.0,,male
CUST2395,Lina Ali,-1.0,Male,lina.ali@hotmail.com,987654321.0,815.87,12/15/2022,Electronics,2.0,,Male
CUST2396,Sara Hassan,200.0,Male,sara.hassan@gmail.com,,283.24,8/4/2024,,1.0,,Male
CUST2397,Alaa Mahmoud,-1.0,F,alaa.mahmoud@gmail.com,123456789.0,970.58,1/27/2024,Home,3.0,,F
CUST2398,Ahmed Mahmoud,-1.0,,ahmed.mahmoud@gmail.com,,356.15,7/1/2023,Home,10.0,,
CUST2399,Alaa Smith,46.0,female,alaa.smith@yahoo.com,987654321.0,618.99,12/27/2023,Clothing,4.0,,female
CUST2400,John Ibrahim,200.0,,john.ibrahim@gmail.com,123456789.0,134.74,9/24/2023,Home,2.0,,
CUST2401,Sara Gaber,200.0,female,sara.gaber@gmail.com,,599.7,4/12/2023,Clothing,3.0,,female
CUST2402,Ali Hassan,,M,ali.hassan@yahoo.com,987654321.0,77.0,4/18/2023,Home,4.0,,M
CUST2403,John Mahmoud,63.0,male,john.mahmoud@gmail.com,,632.78,1/29/2025,,5.0,,male
CUST2404,Sara Mahmoud,80.0,M,sara.mahmoud@hotmail.com,,86.38,8/23/2024,Clothing,10.0,,M
CUST2405,Ali Ibrahim,200.0,F,ali.ibrahim@gmail.com,,200.81,6/5/2024,,4.0,,F
CUST2406,Ali Mahmoud,,male,ali.mahmoud@hotmail.com,987654321.0,516.96,11/11/2023,,,,male
CUST2407,John Smith,200.0,Male,john.smith@yahoo.com,,266.41,5/29/2024,,5.0,,Male
CUST2408,Ahmed Smith,22.0,F,ahmed.smith@yahoo.com,,93.85,1/6/2025,Clothing,10.0,,F
CUST2409,Lina Hassan,-1.0,Female,lina.hassan@hotmail.com,987654321.0,280.0,1/8/2025,,10.0,,Female
CUST2410,Alaa Mahmoud,,M,alaa.mahmoud@yahoo.com,123456789.0,632.84,6/1/2023,Clothing,10.0,,M
CUST2411,Lina Hassan,-1.0,male,lina.hassan@gmail.com,,900.84,7/3/2023,Electronics,10.0,,male
CUST2412,Lina Ali,-1.0,Female,lina.ali@gmail.com,987654321.0,995.18,2/17/2024,Electronics,,,Female
CUST2413,Mark Ibrahim,25.0,Female,mark.ibrahim@yahoo.com,987654321.0,182.44,1/3/2023,Books,5.0,,Female
CUST2414,Sara Ibrahim,,Male,sara.ibrahim@hotmail.com,123456789.0,831.52,3/15/2025,Home,2.0,,Male
CUST2415,Ali Gaber,-1.0,female,ali.gaber@hotmail.com,123456789.0,562.33,1/22/2023,Electronics,3.0,,female
CUST2416,Fatma Smith,80.0,male,fatma.smith@gmail.com,,454.33,4/10/2024,Clothing,3.0,,male
CUST2417,Ahmed Ali,78.0,male,ahmed.ali@yahoo.com,,578.47,4/7/2024,Clothing,3.0,,male
CUST2418,John Ibrahim,,,john.ibrahim@gmail.com,,352.88,4/15/2025,Clothing,1.0,,
CUST2419,Sara Smith,65.0,F,sara.smith@gmail.com,123456789.0,662.08,12/30/2023,Toys,,,F
CUST2420,John Mahmoud,200.0,M,john.mahmoud@hotmail.com,987654321.0,865.23,32/13/2020,Toys,1.0,,M
CUST2421,Alaa Hassan,200.0,M,alaa.hassan@hotmail.com,,549.42,10/29/2024,Home,2.0,,M
CUST2422,Sara Mahmoud,75.0,female,sara.mahmoud@yahoo.com,987654321.0,202.9,11/3/2022,,4.0,,female
CUST2423,Sara Gaber,200.0,Female,sara.gaber@gmail.com,123456789.0,110.03,8/11/2023,,1.0,,Female
CUST2424,Fatma Smith,41.0,M,fatma.smith@gmail.com,987654321.0,377.06,2/28/2024,,4.0,,M
CUST2425,Ali Hassan,,Female,ali.hassan@yahoo.com,,557.07,11/12/2022,Electronics,2.0,,Female
CUST2426,John Hassan,200.0,Female,john.hassan@hotmail.com,,849.8,1/9/2023,Clothing,3.0,,Female
CUST2427,Fatma Mahmoud,200.0,Male,fatma.mahmoud@gmail.com,,913.58,10/18/2024,,,,Male
CUST2428,Fatma Hassan,,M,fatma.hassan@hotmail.com,987654321.0,464.61,2/24/2024,,,,M
CUST2429,Lina Ibrahim,200.0,,lina.ibrahim@gmail.com,123456789.0,145.97,3/24/2023,Clothing,4.0,,
CUST2430,Ahmed Hassan,-1.0,female,ahmed.hassan@hotmail.com,987654321.0,611.11,12/9/2023,Toys,10.0,,female
CUST2431,Alaa Mahmoud,-1.0,Male,alaa.mahmoud@hotmail.com,987654321.0,947.98,9/6/2024,Clothing,3.0,,Male
CUST2432,Ahmed Smith,70.0,female,ahmed.smith@hotmail.com,123456789.0,377.64,4/12/2024,Toys,1.0,,female
CUST2433,Sara Smith,86.0,Male,sara.smith@yahoo.com,987654321.0,20.69,6/1/2023,Home,10.0,,Male
CUST2434,Ahmed Hassan,200.0,Female,ahmed.hassan@hotmail.com,,680.71,5/19/2025,Toys,3.0,,Female
CUST2435,Mark Hassan,200.0,,mark.hassan@hotmail.com,,236.19,32/13/2020,Home,5.0,,
CUST2436,Sara Gaber,,male,sara.gaber@hotmail.com,,384.97,9/16/2023,Electronics,2.0,,male
CUST2437,Lina Ibrahim,51.0,,lina.ibrahim@hotmail.com,123456789.0,828.57,2/17/2025,Books,5.0,,
CUST2438,Alaa Smith,,F,alaa.smith@gmail.com,,992.08,2/19/2025,Clothing,3.0,,F
CUST2439,Ali Hassan,45.0,male,ali.hassan@hotmail.com,123456789.0,541.75,2/12/2023,,5.0,,male
CUST2440,Mark Gaber,-1.0,M,mark.gaber@gmail.com,,491.42,5/14/2024,Electronics,10.0,,M
CUST2441,Sara Ibrahim,27.0,M,sara.ibrahim@gmail.com,987654321.0,808.83,12/24/2024,Toys,3.0,,M
CUST2442,Mark Ali,,Male,mark.ali@gmail.com,987654321.0,786.85,1/18/2025,Clothing,,,Male
CUST2443,Ali Smith,,Female,ali.smith@gmail.com,,163.25,12/22/2023,,4.0,,Female
CUST2444,Ali Ali,,M,ali.ali@hotmail.com,,200.94,3/2/2023,,,,M
CUST2445,Alaa Ali,200.0,,alaa.ali@gmail.com,123456789.0,834.66,6/29/2024,Books,3.0,,
CUST2446,Sara Ali,200.0,,sara.ali@hotmail.com,123456789.0,662.1,2/13/2024,Electronics,2.0,,
CUST2447,Fatma Mahmoud,-1.0,,fatma.mahmoud@yahoo.com,123456789.0,956.5,1/20/2023,Books,1.0,,
CUST2448,Lina Hassan,35.0,F,lina.hassan@yahoo.com,123456789.0,539.08,5/8/2023,,2.0,,F
CUST2449,John Mahmoud,-1.0,F,john.mahmoud@yahoo.com,987654321.0,989.99,11/28/2024,,1.0,,F
CUST2450,John Smith,,,john.smith@gmail.com,123456789.0,833.53,10/8/2024,Toys,,,
CUST2451,Ahmed Ali,200.0,Female,ahmed.ali@hotmail.com,,964.73,12/14/2024,Clothing,4.0,,Female
CUST2452,Ali Mahmoud,200.0,female,ali.mahmoud@gmail.com,,870.28,8/22/2023,Books,3.0,,female
CUST2453,Ali Hassan,200.0,F,ali.hassan@gmail.com,987654321.0,,12/23/2022,Toys,2.0,,F
CUST2454,Fatma Gaber,,Male,fatma.gaber@hotmail.com,,490.82,2/5/2023,,4.0,,Male
CUST2455,Ahmed Hassan,-1.0,F,ahmed.hassan@yahoo.com,,237.48,12/22/2023,,1.0,,F
CUST2456,Ahmed Mahmoud,200.0,female,ahmed.mahmoud@hotmail.com,,378.33,11/20/2024,Home,1.0,,female
CUST2457,Ali Ali,200.0,male,ali.ali@gmail.com,987654321.0,774.82,3/4/2024,Electronics,3.0,,male
CUST2458,Lina Mahmoud,,female,lina.mahmoud@gmail.com,,152.31,6/13/2025,,,,female
CUST2459,Alaa Gaber,200.0,F,alaa.gaber@hotmail.com,987654321.0,724.17,5/18/2025,Books,4.0,,F
CUST2460,Ahmed Mahmoud,200.0,Male,ahmed.mahmoud@hotmail.com,123456789.0,509.73,7/20/2023,Books,,,Male
CUST2461,Mark Smith,-1.0,M,mark.smith@yahoo.com,123456789.0,429.69,32/13/2020,Clothing,1.0,,M
CUST2462,John Ibrahim,-1.0,female,john.ibrahim@hotmail.com,,657.63,2/5/2024,Clothing,,,female
CUST2463,Alaa Ibrahim,-1.0,Female,alaa.ibrahim@hotmail.com,987654321.0,172.13,32/13/2020,,2.0,,Female
CUST2464,Ali Hassan,-1.0,Female,ali.hassan@hotmail.com,,977.57,9/21/2023,,1.0,,Female
CUST2465,Fatma Smith,200.0,female,fatma.smith@gmail.com,987654321.0,,11/29/2023,,4.0,,female
CUST2466,Ahmed Mahmoud,200.0,male,ahmed.mahmoud@yahoo.com,,601.92,8/10/2024,Electronics,4.0,,male
CUST2467,Ali Ali,,F,ali.ali@gmail.com,987654321.0,143.81,12/23/2024,Books,1.0,,F
CUST2468,Ahmed Smith,200.0,Female,ahmed.smith@yahoo.com,,253.51,2/8/2023,,2.0,,Female
CUST2469,Alaa Hassan,,female,alaa.hassan@yahoo.com,123456789.0,249.8,7/27/2024,Home,2.0,,female
CUST2470,Ali Ibrahim,-1.0,female,ali.ibrahim@yahoo.com,,82.52,12/23/2022,Clothing,10.0,,female
CUST2471,Lina Ibrahim,66.0,female,lina.ibrahim@gmail.com,987654321.0,893.36,10/9/2024,Home,3.0,,female
CUST2472,Lina Mahmoud,,M,lina.mahmoud@gmail.com,,215.86,3/23/2025,,4.0,,M
CUST2473,John Ali,200.0,Female,john.ali@hotmail.com,,470.0,3/7/2024,Books,4.0,,Female
CUST2474,Sara Gaber,-1.0,F,sara.gaber@hotmail.com,987654321.0,884.03,7/4/2025,,1.0,,F
CUST2475,Fatma Hassan,,female,fatma.hassan@hotmail.com,,707.55,5/29/2023,Toys,4.0,,female
CUST2476,Fatma Hassan,-1.0,female,fatma.hassan@gmail.com,,730.0,1/8/2023,Toys,2.0,,female
CUST2477,Lina Ibrahim,-1.0,female,lina.ibrahim@gmail.com,,58.64,10/22/2024,Clothing,10.0,,female
CUST2478,Sara Smith,69.0,female,sara.smith@yahoo.com,123456789.0,444.8,6/12/2023,Clothing,3.0,,female
CUST2479,Alaa Ali,80.0,male,alaa.ali@hotmail.com,123456789.0,519.03,8/8/2023,Clothing,2.0,,male
CUST2480,Fatma Gaber,76.0,Female,fatma.gaber@gmail.com,987654321.0,126.12,5/15/2024,Books,3.0,,Female
CUST2481,Sara Ibrahim,-1.0,,sara.ibrahim@gmail.com,987654321.0,477.14,6/25/2025,Books,,,
CUST2482,Ahmed Mahmoud,,Female,ahmed.mahmoud@yahoo.com,,689.4,9/13/2023,Home,10.0,,Female
CUST2483,Ahmed Ibrahim,-1.0,M,ahmed.ibrahim@gmail.com,,312.11,6/14/2023,Electronics,5.0,,M
CUST2484,Ali Ali,,Male,ali.ali@hotmail.com,123456789.0,45.63,7/11/2025,Books,2.0,,Male
CUST2485,Sara Gaber,200.0,M,sara.gaber@yahoo.com,,524.36,7/17/2025,Clothing,1.0,,M
CUST2486,Sara Ali,-1.0,female,sara.ali@yahoo.com,,201.82,32/13/2020,Toys,,,female
CUST2487,Alaa Gaber,,Female,alaa.gaber@yahoo.com,123456789.0,466.02,2/27/2025,Books,4.0,,Female
CUST2488,Ali Ibrahim,200.0,F,ali.ibrahim@hotmail.com,123456789.0,980.85,4/23/2023,Toys,3.0,,F
CUST2489,John Ibrahim,87.0,,john.ibrahim@gmail.com,987654321.0,167.61,5/5/2023,Electronics,3.0,,
CUST2490,Lina Ali,-1.0,Male,lina.ali@hotmail.com,123456789.0,124.21,12/10/2023,Toys,10.0,,Male
CUST2491,Lina Mahmoud,-1.0,Female,lina.mahmoud@yahoo.com,,983.51,1/4/2023,Clothing,10.0,,Female
CUST2492,Mark Ibrahim,,female,mark.ibrahim@hotmail.com,987654321.0,363.58,6/7/2024,Books,10.0,,female
CUST2493,Ali Smith,54.0,M,ali.smith@gmail.com,123456789.0,336.86,7/23/2023,Books,3.0,,M
CUST2494,Sara Gaber,64.0,Female,sara.gaber@hotmail.com,,987.14,3/13/2023,Books,10.0,,Female
CUST2495,John Ali,,M,john.ali@hotmail.com,123456789.0,221.96,6/19/2024,,10.0,,M
CUST2496,Mark Smith,-1.0,M,mark.smith@hotmail.com,,388.86,10/3/2024,,,,M
CUST2497,Sara Smith,-1.0,M,sara.smith@gmail.com,123456789.0,447.9,1/9/2025,Home,3.0,,M
CUST2498,Lina Mahmoud,-1.0,,lina.mahmoud@yahoo.com,987654321.0,761.3,3/30/2024,,3.0,,
CUST2499,Alaa Ali,,,alaa.ali@gmail.com,123456789.0,525.66,5/22/2023,Electronics,1.0,,
CUST2500,Sara Hassan,,F,sara.hassan@gmail.com,,,3/3/2023,Clothing,10.0,,F
CUST2501,Fatma Gaber,-1.0,,fatma.gaber@yahoo.com,,323.91,10/1/2023,Clothing,10.0,,
CUST2502,Sara Gaber,,M,sara.gaber@hotmail.com,,881.95,12/18/2022,Toys,2.0,,M
CUST2503,John Smith,,male,john.smith@yahoo.com,123456789.0,159.22,10/24/2023,,2.0,,male
CUST2504,John Mahmoud,70.0,M,john.mahmoud@yahoo.com,,226.39,12/11/2024,,,,M
CUST2505,Ahmed Mahmoud,-1.0,Male,ahmed.mahmoud@gmail.com,123456789.0,491.69,12/22/2023,,3.0,,Male
CUST2506,John Mahmoud,-1.0,male,john.mahmoud@yahoo.com,,266.7,10/19/2024,Electronics,,,male
CUST2507,Alaa Gaber,-1.0,male,alaa.gaber@gmail.com,,608.42,2/1/2025,Electronics,10.0,,male
CUST2508,Alaa Gaber,-1.0,Male,alaa.gaber@hotmail.com,,863.25,3/31/2024,Electronics,3.0,,Male
CUST2509,John Ibrahim,,Male,john.ibrahim@hotmail.com,123456789.0,775.91,12/6/2024,Clothing,5.0,,Male
CUST2510,Alaa Hassan,,M,alaa.hassan@gmail.com,,,4/7/2024,Books,2.0,,M
CUST2511,Sara Hassan,200.0,F,sara.hassan@hotmail.com,987654321.0,28.12,12/26/2022,Books,10.0,,F
CUST2512,Ali Gaber,200.0,F,ali.gaber@gmail.com,,72.61,6/30/2025,Clothing,,,F
CUST2513,Sara Mahmoud,-1.0,female,sara.mahmoud@gmail.com,,273.55,5/26/2025,Home,,,female
CUST2514,Mark Ibrahim,80.0,male,mark.ibrahim@hotmail.com,123456789.0,837.38,5/12/2025,Electronics,3.0,,male
CUST2515,Ali Smith,59.0,M,ali.smith@yahoo.com,123456789.0,597.76,7/9/2025,Toys,,,M
CUST2516,Sara Gaber,,Male,sara.gaber@hotmail.com,,482.05,1/22/2023,Home,1.0,,Male
CUST2517,Sara Ali,200.0,,sara.ali@hotmail.com,123456789.0,273.18,8/26/2024,Home,4.0,,
CUST2518,Fatma Mahmoud,-1.0,,fatma.mahmoud@yahoo.com,,456.29,10/21/2024,,10.0,,
CUST2519,John Hassan,,male,john.hassan@gmail.com,123456789.0,945.21,2/12/2025,Books,1.0,,male
CUST2520,Fatma Ibrahim,,male,fatma.ibrahim@yahoo.com,123456789.0,362.0,5/10/2025,,4.0,,male
CUST2521,Ahmed Mahmoud,16.0,Female,ahmed.mahmoud@hotmail.com,,521.67,12/10/2023,,2.0,,Female
CUST2522,Mark Ali,-1.0,,mark.ali@yahoo.com,987654321.0,81.01,6/10/2025,,2.0,,
CUST2523,Lina Mahmoud,,Male,lina.mahmoud@gmail.com,,299.18,3/28/2024,Toys,2.0,,Male
CUST2524,Fatma Hassan,,Female,fatma.hassan@yahoo.com,987654321.0,977.5,32/13/2020,Home,,,Female
CUST2525,Ahmed Gaber,200.0,,ahmed.gaber@yahoo.com,,700.49,5/15/2023,,5.0,,
CUST2526,Lina Gaber,200.0,M,lina.gaber@yahoo.com,,835.26,8/27/2024,Electronics,5.0,,M
CUST2527,Fatma Ali,44.0,male,fatma.ali@yahoo.com,,845.38,32/13/2020,Clothing,,,male
CUST2528,Sara Ali,200.0,female,sara.ali@hotmail.com,987654321.0,725.36,11/2/2022,Toys,10.0,,female
CUST2529,Sara Mahmoud,-1.0,female,sara.mahmoud@yahoo.com,987654321.0,852.77,12/1/2023,Toys,2.0,,female
CUST2530,Lina Mahmoud,48.0,male,lina.mahmoud@yahoo.com,,477.46,6/30/2023,Clothing,1.0,,male
CUST2531,Mark Ali,,Female,mark.ali@yahoo.com,,285.46,12/14/2022,Home,,,Female
CUST2532,Ali Mahmoud,49.0,male,ali.mahmoud@gmail.com,987654321.0,434.36,4/1/2025,Clothing,3.0,,male
CUST2533,Fatma Smith,,,fatma.smith@yahoo.com,987654321.0,377.85,11/14/2023,Books,5.0,,
CUST2534,Fatma Gaber,,F,fatma.gaber@yahoo.com,987654321.0,848.47,4/13/2023,Clothing,1.0,,F
CUST2535,Fatma Smith,-1.0,female,fatma.smith@hotmail.com,,811.39,32/13/2020,Electronics,4.0,,female
CUST2536,Lina Mahmoud,,Female,lina.mahmoud@hotmail.com,,101.4,8/14/2024,Home,10.0,,Female
CUST2537,Alaa Mahmoud,,Male,alaa.mahmoud@yahoo.com,,121.75,1/8/2023,Clothing,3.0,,Male
CUST2538,Lina Hassan,200.0,M,lina.hassan@hotmail.com,123456789.0,479.8,4/9/2024,,3.0,,M
CUST2539,Alaa Ibrahim,57.0,Female,alaa.ibrahim@yahoo.com,123456789.0,736.03,4/6/2024,,2.0,,Female
CUST2540,Lina Hassan,-1.0,Female,lina.hassan@hotmail.com,,73.93,12/3/2024,,1.0,,Female
CUST2541,Alaa Gaber,23.0,M,alaa.gaber@hotmail.com,987654321.0,835.42,8/11/2023,,2.0,,M
CUST2542,Alaa Ibrahim,200.0,Male,alaa.ibrahim@gmail.com,,940.06,3/1/2024,Home,4.0,,Male
CUST2543,Ahmed Gaber,-1.0,female,ahmed.gaber@yahoo.com,,118.05,2/25/2025,Toys,,,female
CUST2544,Ahmed Smith,200.0,male,ahmed.smith@hotmail.com,,252.15,1/14/2023,,2.0,,male
CUST2545,Fatma Smith,200.0,Male,fatma.smith@yahoo.com,987654321.0,467.5,12/28/2022,Electronics,5.0,,Male
CUST2546,Lina Hassan,,Male,lina.hassan@hotmail.com,,675.75,3/19/2025,Books,,,Male
CUST2547,Sara Mahmoud,,Male,sara.mahmoud@yahoo.com,,,2/16/2024,Clothing,4.0,,Male
CUST2548,Fatma Ibrahim,-1.0,Female,fatma.ibrahim@yahoo.com,,97.61,6/18/2023,Electronics,1.0,,Female
CUST2549,Ahmed Hassan,200.0,Female,ahmed.hassan@hotmail.com,,582.04,12/23/2023,Clothing,10.0,,Female
CUST2550,Sara Ali,-1.0,female,sara.ali@gmail.com,,717.0,2/23/2024,Clothing,3.0,,female
CUST2551,Lina Ali,-1.0,F,lina.ali@hotmail.com,,47.95,8/14/2024,Toys,,,F
CUST2552,John Mahmoud,-1.0,M,john.mahmoud@yahoo.com,123456789.0,393.17,8/17/2023,Electronics,10.0,,M
CUST2553,Lina Smith,53.0,,lina.smith@yahoo.com,,868.83,8/14/2023,Electronics,4.0,,
CUST2554,Ahmed Ali,-1.0,Male,ahmed.ali@yahoo.com,,942.01,32/13/2020,,10.0,,Male
CUST2555,Mark Mahmoud,200.0,M,mark.mahmoud@gmail.com,987654321.0,575.37,7/5/2024,Toys,10.0,,M
CUST2556,John Hassan,-1.0,female,john.hassan@hotmail.com,,30.35,7/13/2024,Electronics,,,female
CUST2557,Lina Ibrahim,-1.0,Female,lina.ibrahim@gmail.com,,698.05,3/23/2024,Electronics,10.0,,Female
CUST2558,Alaa Ibrahim,200.0,M,alaa.ibrahim@gmail.com,987654321.0,246.2,7/14/2025,,5.0,,M
CUST2559,Sara Smith,,Female,sara.smith@hotmail.com,,194.66,12/21/2022,Books,3.0,,Female
CUST2560,Ahmed Ali,200.0,Male,ahmed.ali@gmail.com,,694.09,4/8/2023,,1.0,,Male
CUST2561,Alaa Gaber,,Male,alaa.gaber@yahoo.com,123456789.0,893.98,7/21/2024,Home,,,Male
CUST2562,Sara Smith,52.0,F,sara.smith@gmail.com,987654321.0,,10/21/2023,Toys,10.0,,F
CUST2563,John Gaber,200.0,Male,john.gaber@hotmail.com,,608.72,32/13/2020,Toys,5.0,,Male
CUST2564,Mark Hassan,200.0,Female,mark.hassan@gmail.com,123456789.0,505.55,1/30/2024,Toys,2.0,,Female
CUST2565,Lina Mahmoud,75.0,male,lina.mahmoud@yahoo.com,,58.1,32/13/2020,Home,5.0,,male
CUST2566,Sara Hassan,200.0,Female,sara.hassan@gmail.com,987654321.0,80.5,7/3/2024,Clothing,5.0,,Female
CUST2567,Lina Ibrahim,200.0,Female,lina.ibrahim@yahoo.com,,347.6,6/24/2025,Clothing,5.0,,Female
CUST2568,Sara Ali,90.0,,sara.ali@hotmail.com,,838.82,4/30/2024,Electronics,2.0,,
CUST2569,John Smith,,Female,john.smith@hotmail.com,,680.58,7/11/2023,Clothing,,,Female
CUST2570,Sara Gaber,,Male,sara.gaber@yahoo.com,123456789.0,184.56,2/27/2025,Electronics,5.0,,Male
CUST2571,John Smith,-1.0,,john.smith@hotmail.com,987654321.0,595.21,10/2/2024,Electronics,1.0,,
CUST2572,Fatma Ibrahim,,,fatma.ibrahim@hotmail.com,123456789.0,862.67,5/24/2025,Clothing,5.0,,
CUST2573,Ali Ali,-1.0,Male,ali.ali@yahoo.com,,187.68,2/7/2023,,4.0,,Male
CUST2574,Sara Mahmoud,44.0,female,sara.mahmoud@yahoo.com,123456789.0,790.69,10/21/2024,Toys,3.0,,female
CUST2575,Ahmed Gaber,49.0,Male,ahmed.gaber@gmail.com,,621.42,4/16/2024,Home,2.0,,Male
CUST2576,Ahmed Smith,21.0,F,ahmed.smith@hotmail.com,987654321.0,619.21,9/17/2024,Clothing,5.0,,F
CUST2577,Fatma Ali,-1.0,M,fatma.ali@yahoo.com,,634.9,12/14/2022,Books,5.0,,M
CUST2578,Ali Hassan,79.0,M,ali.hassan@yahoo.com,,834.49,10/6/2023,Home,,,M
CUST2579,Lina Hassan,-1.0,M,lina.hassan@hotmail.com,,,3/5/2024,,2.0,,M
CUST2580,Sara Ali,35.0,M,sara.ali@gmail.com,,104.07,4/10/2024,Electronics,3.0,,M
CUST2581,Sara Mahmoud,200.0,male,sara.mahmoud@yahoo.com,987654321.0,583.55,5/23/2024,Home,1.0,,male
CUST2582,Ali Smith,,F,ali.smith@hotmail.com,,364.36,7/5/2023,,10.0,,F
CUST2583,Mark Smith,,Female,mark.smith@gmail.com,987654321.0,951.26,5/24/2023,Toys,,,Female
CUST2584,Ali Ibrahim,,,ali.ibrahim@yahoo.com,,83.73,1/2/2024,Home,3.0,,
CUST2585,Lina Smith,-1.0,Female,lina.smith@yahoo.com,123456789.0,591.6,8/22/2023,Toys,5.0,,Female
CUST2586,John Ibrahim,80.0,F,john.ibrahim@hotmail.com,123456789.0,180.79,32/13/2020,Toys,4.0,,F
CUST2587,Alaa Ibrahim,-1.0,M,alaa.ibrahim@hotmail.com,,806.1,3/20/2023,Home,5.0,,M
CUST2588,Mark Hassan,,male,mark.hassan@yahoo.com,,878.42,1/13/2025,Books,,,male
CUST2589,Lina Mahmoud,,female,lina.mahmoud@yahoo.com,987654321.0,363.48,12/6/2022,Clothing,10.0,,female
CUST2590,Ahmed Mahmoud,54.0,F,ahmed.mahmoud@gmail.com,123456789.0,702.01,3/3/2024,Clothing,5.0,,F
CUST2591,Ahmed Mahmoud,60.0,Male,ahmed.mahmoud@gmail.com,,729.99,2/3/2024,Books,3.0,,Male
CUST2592,Ali Ali,,M,ali.ali@gmail.com,123456789.0,807.96,1/12/2024,Electronics,2.0,,M
CUST2593,Alaa Gaber,66.0,male,alaa.gaber@yahoo.com,,134.55,32/13/2020,,3.0,,male
CUST2594,Lina Gaber,200.0,F,lina.gaber@gmail.com,987654321.0,525.67,4/20/2023,,3.0,,F
CUST2595,Sara Ali,,F,sara.ali@hotmail.com,987654321.0,149.37,7/11/2023,,2.0,,F
CUST2596,Ali Ali,200.0,Male,ali.ali@hotmail.com,,503.86,5/31/2023,Home,,,Male
CUST2597,Alaa Mahmoud,,F,alaa.mahmoud@gmail.com,123456789.0,724.01,32/13/2020,Books,10.0,,F
CUST2598,Fatma Smith,200.0,Female,fatma.smith@hotmail.com,,872.25,3/28/2023,,4.0,,Female
CUST2599,Ahmed Mahmoud,,male,ahmed.mahmoud@yahoo.com,987654321.0,137.99,2/24/2025,Clothing,,,male
CUST2600,Ali Mahmoud,-1.0,,ali.mahmoud@hotmail.com,123456789.0,206.68,5/31/2023,,4.0,,
CUST2601,Ahmed Smith,,Male,ahmed.smith@hotmail.com,,921.0,4/5/2024,Clothing,,,Male
CUST2602,Sara Ibrahim,200.0,female,sara.ibrahim@gmail.com,987654321.0,82.79,32/13/2020,Home,,,female
CUST2603,Alaa Gaber,-1.0,M,alaa.gaber@hotmail.com,123456789.0,580.71,12/8/2023,Electronics,,,M
CUST2604,John Gaber,32.0,Female,john.gaber@yahoo.com,,5.62,1/6/2025,,1.0,,Female
CUST2605,John Hassan,-1.0,F,john.hassan@hotmail.com,,116.7,7/25/2023,Books,5.0,,F
CUST2606,Alaa Gaber,77.0,Female,alaa.gaber@gmail.com,123456789.0,355.12,2/1/2023,Home,4.0,,Female
CUST2607,Alaa Ibrahim,22.0,,alaa.ibrahim@hotmail.com,,451.98,10/30/2024,Home,5.0,,
CUST2608,John Smith,,Male,john.smith@yahoo.com,,387.04,3/18/2025,Toys,3.0,,Male
CUST2609,Mark Ibrahim,-1.0,female,mark.ibrahim@gmail.com,987654321.0,626.01,1/4/2024,Electronics,,,female
CUST2610,Sara Ibrahim,200.0,Male,sara.ibrahim@yahoo.com,,552.25,3/2/2024,Home,,,Male
CUST2611,Ahmed Hassan,-1.0,male,ahmed.hassan@gmail.com,987654321.0,803.15,3/22/2025,Electronics,1.0,,male
CUST2612,Lina Smith,,Male,lina.smith@yahoo.com,,551.91,8/20/2023,Home,2.0,,Male
CUST2613,Lina Gaber,67.0,female,lina.gaber@hotmail.com,,504.53,7/21/2023,,,,female
CUST2614,Mark Gaber,200.0,Male,mark.gaber@yahoo.com,123456789.0,813.5,12/19/2024,Electronics,5.0,,Male
CUST2615,John Mahmoud,-1.0,M,john.mahmoud@gmail.com,987654321.0,26.89,8/16/2023,Electronics,5.0,,M
CUST2616,Mark Mahmoud,,Male,mark.mahmoud@hotmail.com,,13.18,1/10/2023,,4.0,,Male
CUST2617,John Hassan,-1.0,Male,john.hassan@hotmail.com,123456789.0,,3/18/2024,Home,5.0,,Male
CUST2618,Mark Smith,-1.0,Male,mark.smith@yahoo.com,123456789.0,821.6,2/4/2023,Home,2.0,,Male
CUST2619,Sara Mahmoud,,M,sara.mahmoud@gmail.com,,437.36,11/22/2023,,,,M
CUST2620,Alaa Ali,41.0,Male,alaa.ali@yahoo.com,,22.92,8/1/2023,Home,1.0,,Male
CUST2621,Ahmed Gaber,-1.0,male,ahmed.gaber@gmail.com,987654321.0,475.43,4/25/2023,,5.0,,male
CUST2622,John Gaber,72.0,Male,john.gaber@yahoo.com,987654321.0,211.12,12/24/2023,,5.0,,Male
CUST2623,John Mahmoud,82.0,Female,john.mahmoud@yahoo.com,,796.6,10/19/2024,,,,Female
CUST2624,Alaa Mahmoud,-1.0,M,alaa.mahmoud@gmail.com,,,9/14/2024,Electronics,2.0,,M
CUST2625,Mark Gaber,81.0,female,mark.gaber@hotmail.com,,941.34,6/3/2023,Clothing,1.0,,female
CUST2626,Alaa Smith,,Female,alaa.smith@yahoo.com,123456789.0,98.0,2/8/2023,,2.0,,Female
CUST2627,Ali Mahmoud,,Male,ali.mahmoud@gmail.com,,651.67,1/15/2023,,3.0,,Male
CUST2628,Ahmed Gaber,75.0,,ahmed.gaber@hotmail.com,,882.71,11/13/2023,Home,,,
CUST2629,Ahmed Mahmoud,200.0,Male,ahmed.mahmoud@gmail.com,,762.66,12/20/2022,,,,Male
CUST2630,Sara Smith,-1.0,F,sara.smith@hotmail.com,123456789.0,482.99,2/22/2025,Electronics,,,F
CUST2631,Ali Mahmoud,-1.0,M,ali.mahmoud@yahoo.com,,726.24,12/20/2022,Electronics,2.0,,M
CUST2632,Ahmed Gaber,,F,ahmed.gaber@yahoo.com,,696.26,3/16/2025,Electronics,,,F
CUST2633,Sara Ali,,male,sara.ali@hotmail.com,987654321.0,170.79,12/5/2024,Toys,5.0,,male
CUST2634,Ahmed Mahmoud,200.0,male,ahmed.mahmoud@hotmail.com,,251.54,6/29/2023,Toys,4.0,,male
CUST2635,Ali Ibrahim,,female,ali.ibrahim@gmail.com,,560.42,2/11/2025,Clothing,4.0,,female
CUST2636,Lina Gaber,,Female,lina.gaber@gmail.com,987654321.0,958.26,6/29/2024,Clothing,3.0,,Female
CUST2637,Mark Mahmoud,-1.0,,mark.mahmoud@gmail.com,123456789.0,745.08,12/7/2023,Home,2.0,,
CUST2638,Fatma Ali,,M,fatma.ali@hotmail.com,987654321.0,227.26,7/18/2025,Books,1.0,,M
CUST2639,Mark Gaber,38.0,female,mark.gaber@hotmail.com,,649.09,12/23/2024,Toys,2.0,,female
CUST2640,Fatma Ibrahim,200.0,male,fatma.ibrahim@gmail.com,,821.91,10/21/2024,Home,5.0,,male
CUST2641,Mark Ali,,male,mark.ali@hotmail.com,987654321.0,592.05,11/12/2022,Toys,4.0,,male
CUST2642,Ali Ali,71.0,M,ali.ali@yahoo.com,987654321.0,70.79,4/12/2024,Clothing,10.0,,M
CUST2643,Alaa Ibrahim,81.0,,alaa.ibrahim@yahoo.com,987654321.0,534.61,2/28/2024,Books,10.0,,
CUST2644,Ali Gaber,-1.0,M,ali.gaber@yahoo.com,,73.54,32/13/2020,Electronics,3.0,,M
CUST2645,Alaa Gaber,,,alaa.gaber@gmail.com,,871.15,1/29/2025,Books,4.0,,
CUST2646,Fatma Smith,74.0,male,fatma.smith@yahoo.com,,77.26,5/14/2025,Toys,4.0,,male
CUST2647,Lina Ali,200.0,,lina.ali@hotmail.com,,829.13,2/1/2025,Clothing,3.0,,
CUST2648,Lina Ibrahim,-1.0,female,lina.ibrahim@hotmail.com,,,6/25/2023,,2.0,,female
CUST2649,Alaa Ibrahim,200.0,Male,alaa.ibrahim@gmail.com,,396.77,5/6/2023,Books,,,Male
CUST2650,Lina Ali,46.0,male,lina.ali@hotmail.com,987654321.0,357.3,6/1/2023,Books,2.0,,male
CUST2651,Alaa Gaber,51.0,M,alaa.gaber@gmail.com,987654321.0,745.49,8/22/2023,,10.0,,M
CUST2652,Ali Smith,,F,ali.smith@gmail.com,,216.94,6/22/2023,Home,5.0,,F
CUST2653,Mark Hassan,,F,mark.hassan@hotmail.com,,988.73,5/22/2025,,2.0,,F
CUST2654,Alaa Gaber,-1.0,,alaa.gaber@yahoo.com,,877.4,5/11/2024,Toys,2.0,,
CUST2655,Fatma Ali,89.0,,fatma.ali@gmail.com,,622.04,12/13/2022,Books,5.0,,
CUST2656,Mark Ali,,M,mark.ali@gmail.com,,,6/10/2024,Toys,3.0,,M
CUST2657,Lina Smith,,M,lina.smith@hotmail.com,987654321.0,544.15,1/15/2023,Books,1.0,,M
CUST2658,Ahmed Ibrahim,,female,ahmed.ibrahim@hotmail.com,,215.03,3/14/2025,Clothing,2.0,,female
CUST2659,John Hassan,200.0,female,john.hassan@yahoo.com,,706.82,11/10/2023,Books,1.0,,female
CUST2660,Fatma Mahmoud,-1.0,Male,fatma.mahmoud@gmail.com,,270.07,1/24/2023,Clothing,2.0,,Male
CUST2661,Mark Ibrahim,-1.0,female,mark.ibrahim@gmail.com,987654321.0,396.84,4/4/2023,Electronics,10.0,,female
CUST2662,Ahmed Hassan,,,ahmed.hassan@gmail.com,987654321.0,134.33,11/25/2022,,1.0,,
CUST2663,Sara Ibrahim,-1.0,,sara.ibrahim@yahoo.com,,,7/18/2023,,,,
CUST2664,John Ibrahim,28.0,F,john.ibrahim@hotmail.com,,339.31,6/10/2023,Toys,10.0,,F
CUST2665,Lina Gaber,200.0,,lina.gaber@hotmail.com,,449.99,6/30/2023,Electronics,5.0,,
CUST2666,Alaa Ibrahim,,male,alaa.ibrahim@hotmail.com,987654321.0,743.25,12/8/2024,Home,2.0,,male
CUST2667,Mark Hassan,,Female,mark.hassan@gmail.com,123456789.0,844.77,1/14/2023,Electronics,5.0,,Female
CUST2668,Mark Hassan,,M,mark.hassan@yahoo.com,,,32/13/2020,Toys,4.0,,M
CUST2669,Ali Mahmoud,-1.0,Female,ali.mahmoud@yahoo.com,,575.72,11/10/2024,,1.0,,Female
CUST2670,Alaa Mahmoud,81.0,M,alaa.mahmoud@yahoo.com,,179.91,9/14/2023,,1.0,,M
CUST2671,Ali Gaber,,,ali.gaber@hotmail.com,,729.71,3/22/2024,Books,2.0,,
CUST2672,Fatma Ibrahim,,Male,fatma.ibrahim@gmail.com,123456789.0,533.07,4/18/2025,Books,3.0,,Male
CUST2673,Alaa Gaber,200.0,M,alaa.gaber@yahoo.com,987654321.0,129.61,1/17/2025,,4.0,,M
CUST2674,Lina Gaber,200.0,Female,lina.gaber@yahoo.com,123456789.0,494.43,5/5/2024,Clothing,10.0,,Female
CUST2675,Fatma Mahmoud,200.0,M,fatma.mahmoud@yahoo.com,,721.27,5/3/2024,Electronics,,,M
CUST2676,Alaa Gaber,,Male,alaa.gaber@yahoo.com,,304.43,32/13/2020,Home,,,Male
CUST2677,Sara Ibrahim,-1.0,Female,sara.ibrahim@yahoo.com,987654321.0,146.47,4/21/2023,Books,4.0,,Female
CUST2678,Ali Smith,,,ali.smith@yahoo.com,987654321.0,260.97,2/16/2025,,5.0,,
CUST2679,Fatma Gaber,-1.0,,fatma.gaber@hotmail.com,,349.46,1/8/2023,,2.0,,
CUST2680,John Smith,200.0,F,john.smith@hotmail.com,987654321.0,,4/23/2025,Toys,,,F
CUST2681,Mark Ali,200.0,,mark.ali@hotmail.com,,657.94,5/28/2025,,1.0,,
CUST2682,Fatma Hassan,-1.0,Male,fatma.hassan@yahoo.com,123456789.0,426.66,9/19/2023,Electronics,10.0,,Male
CUST2683,Ahmed Hassan,-1.0,female,ahmed.hassan@gmail.com,,531.09,9/9/2024,,1.0,,female
CUST2684,Ahmed Hassan,,Male,ahmed.hassan@hotmail.com,123456789.0,276.13,6/21/2025,Home,1.0,,Male
CUST2685,Ali Smith,200.0,M,ali.smith@hotmail.com,,436.66,11/3/2023,Books,2.0,,M
CUST2686,Mark Ibrahim,44.0,,mark.ibrahim@yahoo.com,,973.76,8/15/2024,Toys,,,
CUST2687,John Hassan,-1.0,M,john.hassan@gmail.com,123456789.0,563.34,3/26/2025,,2.0,,M
CUST2688,Ahmed Ali,200.0,Female,ahmed.ali@yahoo.com,123456789.0,729.22,3/9/2025,Home,4.0,,Female
CUST2689,Sara Mahmoud,-1.0,Female,sara.mahmoud@hotmail.com,123456789.0,870.99,10/3/2023,Clothing,3.0,,Female
CUST2690,Fatma Ali,,F,fatma.ali@yahoo.com,,888.22,3/10/2023,,3.0,,F
CUST2691,Alaa Mahmoud,200.0,female,alaa.mahmoud@hotmail.com,,682.75,2/22/2023,,3.0,,female
CUST2692,Fatma Gaber,200.0,F,fatma.gaber@yahoo.com,987654321.0,455.5,1/14/2023,Books,4.0,,F
CUST2693,John Hassan,59.0,,john.hassan@gmail.com,123456789.0,617.78,11/7/2022,,10.0,,
CUST2694,Fatma Hassan,47.0,M,fatma.hassan@yahoo.com,,669.56,12/22/2024,Home,3.0,,M
CUST2695,Sara Smith,,,sara.smith@hotmail.com,987654321.0,263.15,32/13/2020,Clothing,3.0,,
CUST2696,Mark Ibrahim,,Female,mark.ibrahim@hotmail.com,123456789.0,430.94,8/17/2024,Home,10.0,,Female
CUST2697,Ali Ali,-1.0,M,ali.ali@yahoo.com,,275.87,1/30/2025,Books,5.0,,M
CUST2698,Lina Smith,-1.0,F,lina.smith@yahoo.com,,498.97,32/13/2020,Books,10.0,,F
CUST2699,Mark Smith,200.0,Female,mark.smith@gmail.com,,164.05,8/17/2023,,5.0,,Female
CUST2700,Alaa Ibrahim,200.0,male,alaa.ibrahim@gmail.com,,593.4,7/9/2023,Home,1.0,,male
CUST2701,John Mahmoud,-1.0,M,john.mahmoud@yahoo.com,,327.64,5/14/2025,Electronics,4.0,,M
CUST2702,Fatma Mahmoud,24.0,male,fatma.mahmoud@yahoo.com,987654321.0,973.89,5/23/2025,,,,male
CUST2703,Ali Smith,200.0,male,ali.smith@hotmail.com,987654321.0,689.01,6/1/2025,Clothing,3.0,,male
CUST2704,Ahmed Ali,,female,ahmed.ali@gmail.com,,400.93,10/31/2022,Electronics,5.0,,female
CUST2705,Ahmed Gaber,,F,ahmed.gaber@gmail.com,,33.08,2/10/2023,Electronics,,,F
CUST2706,John Ali,200.0,F,john.ali@hotmail.com,123456789.0,102.59,32/13/2020,Home,2.0,,F
CUST2707,Mark Ibrahim,200.0,M,mark.ibrahim@hotmail.com,,926.4,2/12/2025,,,,M
CUST2708,Sara Hassan,-1.0,female,sara.hassan@yahoo.com,,995.25,5/17/2023,Electronics,,,female
CUST2709,John Smith,200.0,male,john.smith@hotmail.com,987654321.0,896.64,12/25/2023,,5.0,,male
CUST2710,Fatma Hassan,,male,fatma.hassan@yahoo.com,,531.24,1/2/2025,Clothing,1.0,,male
CUST2711,John Ali,-1.0,Female,john.ali@yahoo.com,987654321.0,689.68,12/19/2023,,,,Female
CUST2712,Alaa Hassan,,Male,alaa.hassan@hotmail.com,,870.12,7/8/2023,,1.0,,Male
CUST2713,Ali Smith,-1.0,Female,ali.smith@yahoo.com,,505.01,8/11/2023,Clothing,1.0,,Female
CUST2714,Fatma Gaber,-1.0,F,fatma.gaber@hotmail.com,,483.11,8/19/2024,,2.0,,F
CUST2715,John Smith,,Female,john.smith@gmail.com,987654321.0,82.06,32/13/2020,,5.0,,Female
CUST2716,John Ali,200.0,,john.ali@yahoo.com,,983.04,5/6/2023,Home,,,
CUST2717,Ahmed Gaber,58.0,F,ahmed.gaber@hotmail.com,,,3/30/2025,,2.0,,F
CUST2718,Mark Mahmoud,200.0,F,mark.mahmoud@gmail.com,,400.69,9/1/2024,Home,10.0,,F
CUST2719,Ahmed Hassan,200.0,F,ahmed.hassan@yahoo.com,123456789.0,790.21,6/4/2024,Electronics,2.0,,F
CUST2720,Mark Ali,-1.0,female,mark.ali@gmail.com,,708.58,10/17/2024,,1.0,,female
CUST2721,Sara Smith,,F,sara.smith@hotmail.com,987654321.0,548.78,12/27/2022,Home,2.0,,F
CUST2722,Mark Ali,200.0,Male,mark.ali@yahoo.com,,353.79,10/24/2024,Toys,,,Male
CUST2723,Mark Mahmoud,49.0,female,mark.mahmoud@yahoo.com,987654321.0,318.33,11/14/2024,,2.0,,female
CUST2724,Sara Smith,-1.0,M,sara.smith@yahoo.com,,494.94,6/14/2024,Clothing,4.0,,M
CUST2725,Sara Gaber,84.0,Male,sara.gaber@gmail.com,123456789.0,719.81,2/18/2025,,3.0,,Male
CUST2726,Ali Smith,200.0,M,ali.smith@hotmail.com,,738.68,1/26/2025,Home,3.0,,M
CUST2727,Alaa Ibrahim,-1.0,male,alaa.ibrahim@hotmail.com,123456789.0,317.89,4/12/2024,,3.0,,male
CUST2728,Alaa Ali,200.0,M,alaa.ali@hotmail.com,,774.77,11/4/2024,,3.0,,M
CUST2729,Lina Hassan,,,lina.hassan@gmail.com,987654321.0,69.76,32/13/2020,Books,,,
CUST2730,John Smith,,Male,john.smith@gmail.com,987654321.0,988.31,1/17/2024,,2.0,,Male
CUST2731,Ali Ibrahim,-1.0,M,ali.ibrahim@yahoo.com,123456789.0,266.53,7/6/2025,Clothing,4.0,,M
CUST2732,Alaa Gaber,-1.0,female,alaa.gaber@gmail.com,987654321.0,983.37,12/13/2022,Books,2.0,,female
CUST2733,Lina Hassan,,,lina.hassan@yahoo.com,123456789.0,596.96,3/25/2024,Home,2.0,,
CUST2734,John Mahmoud,,,john.mahmoud@hotmail.com,123456789.0,441.98,12/1/2024,Electronics,1.0,,
CUST2735,Sara Gaber,50.0,F,sara.gaber@hotmail.com,987654321.0,823.91,11/17/2023,,5.0,,F
CUST2736,Ahmed Hassan,,F,ahmed.hassan@hotmail.com,,290.49,3/23/2025,Home,10.0,,F
CUST2737,John Mahmoud,200.0,Male,john.mahmoud@yahoo.com,987654321.0,575.53,5/2/2024,Home,3.0,,Male
CUST2738,Ahmed Mahmoud,200.0,female,ahmed.mahmoud@gmail.com,,856.41,6/22/2024,,4.0,,female
CUST2739,Ahmed Hassan,200.0,F,ahmed.hassan@gmail.com,123456789.0,248.04,7/1/2025,Home,5.0,,F
CUST2740,Lina Mahmoud,200.0,M,lina.mahmoud@gmail.com,123456789.0,459.86,6/19/2023,Electronics,4.0,,M
CUST2741,Fatma Hassan,200.0,M,fatma.hassan@hotmail.com,123456789.0,738.07,5/11/2024,Clothing,5.0,,M
CUST2742,Mark Ali,200.0,female,mark.ali@gmail.com,987654321.0,326.65,2/6/2023,Home,10.0,,female
CUST2743,Mark Ibrahim,-1.0,male,mark.ibrahim@yahoo.com,,606.75,12/18/2024,,3.0,,male
CUST2744,Ahmed Gaber,200.0,M,ahmed.gaber@gmail.com,,,5/13/2025,Electronics,4.0,,M
CUST2745,Fatma Hassan,200.0,F,fatma.hassan@hotmail.com,,948.87,6/22/2025,Clothing,4.0,,F
CUST2746,John Mahmoud,,M,john.mahmoud@gmail.com,123456789.0,493.51,11/9/2022,Books,4.0,,M
CUST2747,Mark Ibrahim,,F,mark.ibrahim@gmail.com,123456789.0,617.26,10/25/2024,,4.0,,F
CUST2748,Fatma Smith,,,fatma.smith@hotmail.com,,77.9,12/19/2022,Home,1.0,,
CUST2749,Mark Smith,49.0,F,mark.smith@yahoo.com,,588.66,12/6/2024,Books,1.0,,F
CUST2750,Sara Ali,200.0,male,sara.ali@gmail.com,123456789.0,868.16,2/5/2023,Books,2.0,,male
CUST2751,Fatma Ibrahim,-1.0,,fatma.ibrahim@gmail.com,,736.67,7/14/2024,Books,1.0,,
CUST2752,Lina Smith,,Female,lina.smith@yahoo.com,,568.03,12/22/2024,,5.0,,Female
CUST2753,Fatma Hassan,35.0,male,fatma.hassan@hotmail.com,,708.9,7/17/2025,Books,,,male
CUST2754,Fatma Ibrahim,200.0,M,fatma.ibrahim@yahoo.com,123456789.0,951.1,5/14/2025,Books,5.0,,M
CUST2755,Lina Hassan,200.0,F,lina.hassan@yahoo.com,,547.8,1/12/2025,Home,1.0,,F
CUST2756,Alaa Mahmoud,39.0,female,alaa.mahmoud@hotmail.com,987654321.0,810.82,9/11/2023,Clothing,,,female
CUST2757,Sara Hassan,200.0,Female,sara.hassan@gmail.com,,116.85,6/20/2025,,3.0,,Female
CUST2758,Sara Hassan,200.0,female,sara.hassan@gmail.com,123456789.0,539.42,10/14/2024,Home,4.0,,female
CUST2759,Alaa Gaber,,,alaa.gaber@yahoo.com,987654321.0,717.05,9/23/2024,,1.0,,
CUST2760,Fatma Smith,-1.0,Female,fatma.smith@hotmail.com,123456789.0,179.72,1/13/2025,Books,3.0,,Female
CUST2761,Sara Ibrahim,21.0,male,sara.ibrahim@hotmail.com,,553.16,3/6/2024,,10.0,,male
CUST2762,Mark Smith,,F,mark.smith@yahoo.com,123456789.0,797.25,11/27/2022,Toys,2.0,,F
CUST2763,Mark Mahmoud,17.0,Male,mark.mahmoud@hotmail.com,,40.79,7/20/2025,,4.0,,Male
CUST2764,Ali Mahmoud,-1.0,,ali.mahmoud@gmail.com,,627.11,3/18/2024,Electronics,5.0,,
CUST2765,Alaa Mahmoud,200.0,male,alaa.mahmoud@hotmail.com,,689.07,6/8/2024,Electronics,3.0,,male
CUST2766,Sara Ibrahim,,M,sara.ibrahim@hotmail.com,987654321.0,713.0,1/28/2025,Toys,,,M
CUST2767,Mark Ibrahim,27.0,F,mark.ibrahim@gmail.com,,783.27,9/4/2023,Home,,,F
CUST2768,Sara Smith,66.0,Female,sara.smith@hotmail.com,,467.55,32/13/2020,Home,,,Female
CUST2769,Sara Smith,200.0,Female,sara.smith@gmail.com,987654321.0,668.17,8/11/2023,Toys,3.0,,Female
CUST2770,Alaa Gaber,,F,alaa.gaber@gmail.com,,187.29,8/3/2024,Electronics,3.0,,F
CUST2771,Alaa Gaber,200.0,female,alaa.gaber@yahoo.com,,265.67,5/17/2023,Clothing,3.0,,female
CUST2772,John Mahmoud,-1.0,female,john.mahmoud@hotmail.com,123456789.0,146.22,5/12/2023,Books,10.0,,female
CUST2773,Sara Smith,63.0,F,sara.smith@hotmail.com,123456789.0,984.51,6/19/2025,,1.0,,F
CUST2774,Ali Hassan,37.0,F,ali.hassan@yahoo.com,,464.08,7/7/2025,Electronics,,,F
CUST2775,Mark Hassan,200.0,M,mark.hassan@yahoo.com,987654321.0,929.95,12/19/2022,Electronics,3.0,,M
CUST2776,Fatma Ibrahim,-1.0,Male,fatma.ibrahim@yahoo.com,987654321.0,707.48,4/23/2023,,4.0,,Male
CUST2777,Ali Mahmoud,,Male,ali.mahmoud@yahoo.com,123456789.0,794.82,11/5/2023,Toys,10.0,,Male
CUST2778,Lina Ibrahim,63.0,female,lina.ibrahim@gmail.com,,991.71,12/31/2023,,10.0,,female
CUST2779,Ahmed Mahmoud,,,ahmed.mahmoud@hotmail.com,123456789.0,136.59,9/3/2024,Toys,1.0,,
CUST2780,Ahmed Ibrahim,88.0,Male,ahmed.ibrahim@gmail.com,123456789.0,428.9,6/6/2024,Toys,,,Male
CUST2781,Mark Hassan,,F,mark.hassan@gmail.com,123456789.0,817.91,11/4/2023,Electronics,10.0,,F
CUST2782,Sara Hassan,,male,sara.hassan@gmail.com,987654321.0,14.03,9/5/2024,Toys,,,male
CUST2783,Sara Hassan,87.0,M,sara.hassan@gmail.com,,803.43,6/28/2025,,2.0,,M
CUST2784,Ali Hassan,-1.0,Male,ali.hassan@gmail.com,123456789.0,923.09,32/13/2020,,5.0,,Male
CUST2785,Mark Ibrahim,,female,mark.ibrahim@hotmail.com,,566.04,12/27/2024,Electronics,,,female
CUST2786,Mark Gaber,82.0,female,mark.gaber@yahoo.com,123456789.0,909.17,11/20/2023,,3.0,,female
CUST2787,Ali Gaber,86.0,Male,ali.gaber@gmail.com,987654321.0,952.33,8/9/2024,Toys,4.0,,Male
CUST2788,John Ibrahim,,Male,john.ibrahim@hotmail.com,987654321.0,,9/4/2024,Books,3.0,,Male
CUST2789,Ahmed Smith,200.0,F,ahmed.smith@yahoo.com,123456789.0,494.64,32/13/2020,Electronics,2.0,,F
CUST2790,Mark Ibrahim,,female,mark.ibrahim@yahoo.com,987654321.0,728.53,10/6/2024,,3.0,,female
CUST2791,John Gaber,72.0,,john.gaber@gmail.com,,,6/29/2025,Clothing,10.0,,
CUST2792,Ahmed Gaber,,,ahmed.gaber@hotmail.com,987654321.0,768.36,3/22/2024,Electronics,3.0,,
CUST2793,Sara Ali,19.0,M,sara.ali@hotmail.com,987654321.0,835.46,3/8/2023,Electronics,4.0,,M
CUST2794,Ahmed Smith,200.0,,ahmed.smith@yahoo.com,123456789.0,830.92,5/8/2025,Home,,,
CUST2795,Sara Ali,,,sara.ali@yahoo.com,987654321.0,236.13,2/8/2025,Toys,3.0,,
CUST2796,Sara Hassan,,Female,sara.hassan@yahoo.com,123456789.0,355.23,9/3/2023,,4.0,,Female
CUST2797,John Mahmoud,200.0,Male,john.mahmoud@gmail.com,,490.24,9/22/2024,Clothing,3.0,,Male
CUST2798,Mark Hassan,,F,mark.hassan@hotmail.com,123456789.0,293.83,4/3/2023,,2.0,,F
CUST2799,Fatma Gaber,,female,fatma.gaber@yahoo.com,987654321.0,42.79,4/20/2023,Books,4.0,,female
CUST2800,John Gaber,,Female,john.gaber@yahoo.com,,787.69,11/8/2022,Electronics,1.0,,Female
CUST2801,Sara Ali,-1.0,Male,sara.ali@hotmail.com,,956.27,11/27/2022,Electronics,10.0,,Male
CUST2802,Fatma Hassan,200.0,female,fatma.hassan@hotmail.com,987654321.0,495.02,6/19/2025,Toys,1.0,,female
CUST2803,Alaa Ibrahim,,Male,alaa.ibrahim@gmail.com,123456789.0,541.39,10/22/2023,,3.0,,Male
CUST2804,Sara Hassan,200.0,F,sara.hassan@gmail.com,987654321.0,606.05,7/24/2023,,5.0,,F
CUST2805,Mark Gaber,,Female,mark.gaber@hotmail.com,,237.43,12/9/2024,Clothing,1.0,,Female
CUST2806,John Ali,75.0,Male,john.ali@yahoo.com,,335.98,7/27/2024,Electronics,2.0,,Male
CUST2807,Ahmed Ibrahim,,female,ahmed.ibrahim@gmail.com,987654321.0,525.06,10/15/2024,Home,2.0,,female
CUST2808,Fatma Mahmoud,87.0,M,fatma.mahmoud@yahoo.com,987654321.0,575.52,11/30/2024,,,,M
CUST2809,Ahmed Smith,200.0,Male,ahmed.smith@hotmail.com,123456789.0,528.48,2/28/2025,Electronics,1.0,,Male
CUST2810,Ali Gaber,-1.0,female,ali.gaber@yahoo.com,123456789.0,389.86,9/21/2024,,3.0,,female
CUST2811,Lina Hassan,27.0,,lina.hassan@hotmail.com,987654321.0,770.97,9/23/2024,,2.0,,
CUST2812,Alaa Mahmoud,,M,alaa.mahmoud@yahoo.com,,399.56,9/26/2024,Home,3.0,,M
CUST2813,Sara Gaber,-1.0,male,sara.gaber@gmail.com,987654321.0,939.49,1/16/2023,Home,2.0,,male
CUST2814,Ahmed Gaber,50.0,male,ahmed.gaber@yahoo.com,987654321.0,458.44,1/24/2024,Toys,10.0,,male
CUST2815,Mark Smith,-1.0,Female,mark.smith@yahoo.com,123456789.0,13.82,11/7/2024,Toys,5.0,,Female
CUST2816,Sara Mahmoud,-1.0,Male,sara.mahmoud@gmail.com,123456789.0,60.22,11/5/2022,,,,Male
CUST2817,Alaa Hassan,,,alaa.hassan@yahoo.com,987654321.0,583.83,12/4/2023,Clothing,4.0,,
CUST2818,Ahmed Hassan,17.0,,ahmed.hassan@yahoo.com,123456789.0,781.39,4/20/2024,Home,4.0,,
CUST2819,Sara Gaber,71.0,female,sara.gaber@yahoo.com,,990.73,4/27/2023,Books,10.0,,female
CUST2820,Fatma Gaber,,,fatma.gaber@hotmail.com,987654321.0,638.08,4/18/2023,Toys,1.0,,
CUST2821,Fatma Ibrahim,-1.0,,fatma.ibrahim@yahoo.com,987654321.0,38.66,4/10/2023,,4.0,,
CUST2822,Sara Gaber,90.0,male,sara.gaber@yahoo.com,987654321.0,71.8,5/15/2024,Home,2.0,,male
CUST2823,Mark Gaber,26.0,M,mark.gaber@yahoo.com,123456789.0,152.69,2/1/2023,Books,3.0,,M
CUST2824,Alaa Ibrahim,-1.0,,alaa.ibrahim@gmail.com,,480.92,12/29/2024,Clothing,4.0,,
CUST2825,Sara Hassan,,Female,sara.hassan@hotmail.com,,957.81,6/22/2023,,10.0,,Female
CUST2826,Fatma Ibrahim,22.0,Male,fatma.ibrahim@hotmail.com,123456789.0,186.83,11/15/2022,Toys,,,Male
CUST2827,Fatma Gaber,33.0,,fatma.gaber@hotmail.com,,169.53,5/13/2024,Electronics,2.0,,
CUST2828,Ali Mahmoud,30.0,F,ali.mahmoud@gmail.com,123456789.0,635.59,8/4/2024,,2.0,,F
CUST2829,John Mahmoud,200.0,Female,john.mahmoud@hotmail.com,,,4/19/2024,Clothing,3.0,,Female
CUST2830,Sara Ali,200.0,,sara.ali@yahoo.com,987654321.0,876.0,4/22/2025,,5.0,,
CUST2831,Sara Ali,-1.0,F,sara.ali@gmail.com,123456789.0,458.48,11/8/2024,Electronics,2.0,,F
CUST2832,John Ali,49.0,M,john.ali@yahoo.com,,999.0,10/10/2024,Toys,1.0,,M
CUST2833,Alaa Gaber,-1.0,Male,alaa.gaber@hotmail.com,987654321.0,172.79,11/8/2023,Toys,2.0,,Male
CUST2834,Mark Hassan,-1.0,Male,mark.hassan@gmail.com,987654321.0,140.24,5/28/2023,Books,10.0,,Male
CUST2835,Sara Ibrahim,87.0,female,sara.ibrahim@gmail.com,,378.85,2/25/2024,Clothing,4.0,,female
CUST2836,Sara Hassan,77.0,F,sara.hassan@yahoo.com,,523.88,12/21/2024,,2.0,,F
CUST2837,Mark Ibrahim,20.0,Female,mark.ibrahim@hotmail.com,,,11/4/2023,Books,2.0,,Female
CUST2838,Fatma Hassan,200.0,Male,fatma.hassan@gmail.com,123456789.0,916.02,1/1/2023,,4.0,,Male
CUST2839,Sara Smith,71.0,M,sara.smith@gmail.com,,133.87,1/15/2023,,4.0,,M
CUST2840,Sara Smith,42.0,male,sara.smith@hotmail.com,,574.51,11/4/2023,Clothing,3.0,,male
CUST2841,Ahmed Ibrahim,,male,ahmed.ibrahim@yahoo.com,123456789.0,157.77,6/13/2024,Toys,,,male
CUST2842,Mark Ali,200.0,F,mark.ali@hotmail.com,987654321.0,326.93,5/27/2023,Books,5.0,,F
CUST2843,Lina Mahmoud,-1.0,Female,lina.mahmoud@yahoo.com,,949.74,11/13/2023,Toys,3.0,,Female
CUST2844,Alaa Smith,,,alaa.smith@gmail.com,987654321.0,799.33,11/3/2024,Electronics,4.0,,
CUST2845,John Hassan,82.0,Female,john.hassan@hotmail.com,123456789.0,338.19,3/11/2024,,5.0,,Female
CUST2846,Alaa Ibrahim,74.0,M,alaa.ibrahim@gmail.com,987654321.0,147.54,8/11/2024,Electronics,2.0,,M
CUST2847,Alaa Hassan,29.0,Male,alaa.hassan@hotmail.com,,863.9,9/23/2024,Clothing,4.0,,Male
CUST2848,Alaa Ali,47.0,M,alaa.ali@gmail.com,123456789.0,524.07,4/9/2023,Clothing,5.0,,M
CUST2849,Fatma Ali,16.0,,fatma.ali@hotmail.com,987654321.0,958.62,7/31/2023,Books,,,
CUST2850,Alaa Ibrahim,-1.0,female,alaa.ibrahim@hotmail.com,987654321.0,608.09,3/25/2025,Electronics,4.0,,female
CUST2851,Sara Smith,,Male,sara.smith@hotmail.com,,775.61,4/16/2025,Home,,,Male
CUST2852,Alaa Mahmoud,-1.0,M,alaa.mahmoud@gmail.com,,432.73,1/26/2023,Clothing,4.0,,M
CUST2853,Ali Mahmoud,,,ali.mahmoud@gmail.com,123456789.0,443.05,11/8/2024,Electronics,4.0,,
CUST2854,Fatma Mahmoud,200.0,,fatma.mahmoud@gmail.com,,852.03,7/16/2024,Home,2.0,,
CUST2855,Alaa Ali,200.0,Female,alaa.ali@yahoo.com,,683.58,5/20/2025,Toys,4.0,,Female
CUST2856,Fatma Smith,,male,fatma.smith@gmail.com,,774.31,7/15/2024,,3.0,,male
CUST2857,Ali Gaber,200.0,Male,ali.gaber@yahoo.com,987654321.0,280.96,2/26/2023,Books,3.0,,Male
CUST2858,Ali Smith,-1.0,M,ali.smith@yahoo.com,987654321.0,977.32,12/20/2022,Books,2.0,,M
CUST2859,Ahmed Mahmoud,200.0,M,ahmed.mahmoud@hotmail.com,,737.3,2/17/2023,,1.0,,M
CUST2860,Ahmed Smith,-1.0,M,ahmed.smith@yahoo.com,123456789.0,885.21,6/17/2024,Books,10.0,,M
CUST2861,Lina Ibrahim,200.0,,lina.ibrahim@yahoo.com,123456789.0,891.69,8/24/2024,,3.0,,
CUST2862,Ali Gaber,69.0,male,ali.gaber@yahoo.com,,688.74,8/21/2023,Toys,4.0,,male
CUST2863,John Smith,-1.0,F,john.smith@yahoo.com,987654321.0,137.01,5/28/2023,,1.0,,F
CUST2864,Ali Hassan,,Female,ali.hassan@gmail.com,123456789.0,723.76,1/31/2024,,10.0,,Female
CUST2865,John Mahmoud,17.0,Female,john.mahmoud@gmail.com,987654321.0,934.53,6/15/2023,Electronics,,,Female
CUST2866,John Ibrahim,-1.0,female,john.ibrahim@gmail.com,,594.79,3/13/2025,Home,1.0,,female
CUST2867,Sara Smith,45.0,M,sara.smith@yahoo.com,123456789.0,284.11,5/15/2023,,3.0,,M
CUST2868,Sara Mahmoud,-1.0,male,sara.mahmoud@gmail.com,,743.05,9/8/2024,Clothing,2.0,,male
CUST2869,Alaa Gaber,35.0,M,alaa.gaber@hotmail.com,123456789.0,926.66,10/16/2024,Toys,3.0,,M
CUST2870,Lina Hassan,63.0,Male,lina.hassan@hotmail.com,,600.27,3/6/2023,Clothing,5.0,,Male
CUST2871,Mark Ibrahim,-1.0,Female,mark.ibrahim@yahoo.com,123456789.0,346.56,5/15/2024,Home,3.0,,Female
CUST2872,Ali Gaber,51.0,male,ali.gaber@hotmail.com,,26.09,2/16/2024,Home,4.0,,male
CUST2873,Ali Gaber,83.0,male,ali.gaber@yahoo.com,987654321.0,720.99,1/13/2024,Clothing,3.0,,male
CUST2874,Lina Ali,20.0,male,lina.ali@gmail.com,987654321.0,235.0,2/11/2025,Books,4.0,,male
CUST2875,Mark Smith,200.0,,mark.smith@yahoo.com,,111.84,12/12/2024,,5.0,,
CUST2876,Lina Ibrahim,-1.0,male,lina.ibrahim@hotmail.com,,307.83,4/15/2025,,10.0,,male
CUST2877,Mark Ali,,F,mark.ali@gmail.com,987654321.0,158.88,1/1/2024,Electronics,3.0,,F
CUST2878,Sara Gaber,42.0,Male,sara.gaber@gmail.com,,288.56,3/14/2024,Toys,1.0,,Male
CUST2879,Alaa Hassan,-1.0,male,alaa.hassan@gmail.com,987654321.0,498.68,4/27/2025,,10.0,,male
CUST2880,Mark Gaber,200.0,M,mark.gaber@hotmail.com,987654321.0,176.42,1/17/2023,Electronics,1.0,,M
CUST2881,Ahmed Hassan,200.0,M,ahmed.hassan@gmail.com,,774.41,5/7/2025,Clothing,4.0,,M
CUST2882,Lina Ibrahim,,Female,lina.ibrahim@gmail.com,,814.42,11/30/2022,Electronics,10.0,,Female
CUST2883,Ahmed Ali,-1.0,Female,ahmed.ali@hotmail.com,,444.91,2/21/2024,Clothing,3.0,,Female
CUST2884,Lina Smith,-1.0,,lina.smith@hotmail.com,,296.87,10/15/2023,Clothing,10.0,,
CUST2885,Lina Mahmoud,,F,lina.mahmoud@yahoo.com,987654321.0,243.11,9/6/2023,Home,,,F
CUST2886,Fatma Mahmoud,200.0,M,fatma.mahmoud@yahoo.com,,464.1,11/4/2023,Clothing,2.0,,M
CUST2887,Fatma Smith,,Male,fatma.smith@gmail.com,,611.51,6/9/2024,Toys,,,Male
CUST2888,Mark Ali,200.0,M,mark.ali@yahoo.com,123456789.0,212.08,2/3/2025,Electronics,10.0,,M
CUST2889,Ali Smith,200.0,F,ali.smith@yahoo.com,,808.73,5/28/2023,Books,2.0,,F
CUST2890,Sara Smith,68.0,,sara.smith@hotmail.com,,848.18,11/11/2022,Toys,5.0,,
CUST2891,John Mahmoud,-1.0,,john.mahmoud@yahoo.com,,208.26,11/7/2023,,4.0,,
CUST2892,Ali Hassan,-1.0,Female,ali.hassan@hotmail.com,123456789.0,545.24,5/19/2025,Clothing,10.0,,Female
CUST2893,Alaa Smith,200.0,male,alaa.smith@gmail.com,987654321.0,27.32,4/23/2025,Toys,10.0,,male
CUST2894,Fatma Hassan,57.0,,fatma.hassan@yahoo.com,987654321.0,731.67,4/12/2024,,4.0,,
CUST2895,Ahmed Ali,200.0,M,ahmed.ali@gmail.com,,369.53,5/12/2024,Books,5.0,,M
CUST2896,Alaa Smith,83.0,,alaa.smith@gmail.com,987654321.0,571.15,7/17/2024,Books,1.0,,
CUST2897,Ahmed Hassan,-1.0,Male,ahmed.hassan@gmail.com,123456789.0,56.15,1/31/2023,,3.0,,Male
CUST2898,Ahmed Ali,,,ahmed.ali@hotmail.com,123456789.0,247.19,32/13/2020,,5.0,,
CUST2899,Ahmed Hassan,48.0,female,ahmed.hassan@gmail.com,,703.04,10/11/2024,Books,3.0,,female
CUST2900,Alaa Ibrahim,85.0,F,alaa.ibrahim@yahoo.com,123456789.0,670.55,2/17/2024,Toys,3.0,,F
CUST2901,Lina Gaber,,female,lina.gaber@gmail.com,987654321.0,221.95,7/4/2025,,2.0,,female
CUST2902,Mark Ali,-1.0,,mark.ali@gmail.com,123456789.0,324.37,5/11/2025,,5.0,,
CUST2903,Lina Mahmoud,-1.0,female,lina.mahmoud@gmail.com,987654321.0,919.32,10/7/2024,Electronics,3.0,,female
CUST2904,Sara Mahmoud,200.0,Male,sara.mahmoud@gmail.com,,38.85,9/5/2024,Electronics,3.0,,Male
CUST2905,Lina Gaber,-1.0,Female,lina.gaber@hotmail.com,,939.6,1/23/2025,Home,10.0,,Female
CUST2906,Alaa Hassan,56.0,male,alaa.hassan@gmail.com,123456789.0,103.32,7/1/2025,Toys,3.0,,male
CUST2907,Lina Hassan,,female,lina.hassan@gmail.com,,,2/22/2025,,3.0,,female
CUST2908,Lina Hassan,25.0,Female,lina.hassan@gmail.com,,,7/21/2025,,3.0,,Female
CUST2909,John Mahmoud,51.0,F,john.mahmoud@hotmail.com,123456789.0,837.42,4/19/2024,Clothing,5.0,,F
CUST2910,Mark Ibrahim,200.0,Male,mark.ibrahim@yahoo.com,,19.65,32/13/2020,Toys,4.0,,Male
CUST2911,Sara Smith,,female,sara.smith@hotmail.com,,957.73,2/27/2024,Electronics,3.0,,female
CUST2912,Sara Smith,,female,sara.smith@yahoo.com,,366.89,9/15/2023,Toys,10.0,,female
CUST2913,John Gaber,-1.0,male,john.gaber@yahoo.com,987654321.0,462.96,1/7/2024,Books,2.0,,male
CUST2914,John Ibrahim,25.0,,john.ibrahim@gmail.com,123456789.0,683.82,6/18/2025,Home,10.0,,
CUST2915,Lina Ibrahim,74.0,,lina.ibrahim@gmail.com,987654321.0,849.85,2/12/2024,,1.0,,
CUST2916,Alaa Hassan,-1.0,F,alaa.hassan@yahoo.com,,813.14,2/17/2025,Books,3.0,,F
CUST2917,John Hassan,,Male,john.hassan@gmail.com,,473.2,8/14/2023,Clothing,10.0,,Male
CUST2918,Ahmed Smith,89.0,female,ahmed.smith@hotmail.com,,225.99,1/13/2024,Home,,,female
CUST2919,Ali Smith,200.0,F,ali.smith@gmail.com,123456789.0,,1/30/2025,Home,2.0,,F
CUST2920,Fatma Ali,,Female,fatma.ali@gmail.com,,253.52,12/1/2024,Electronics,1.0,,Female
CUST2921,Alaa Smith,47.0,Male,alaa.smith@hotmail.com,,575.58,11/18/2024,Toys,3.0,,Male
CUST2922,Lina Ibrahim,200.0,F,lina.ibrahim@yahoo.com,,556.98,3/19/2025,,5.0,,F
CUST2923,Ali Mahmoud,200.0,M,ali.mahmoud@gmail.com,,814.16,2/5/2025,Home,5.0,,M
CUST2924,Fatma Ibrahim,-1.0,,fatma.ibrahim@gmail.com,,653.36,12/26/2024,Home,,,
CUST2925,Sara Ali,-1.0,male,sara.ali@hotmail.com,987654321.0,512.36,12/4/2023,Home,3.0,,male
CUST2926,Lina Ibrahim,-1.0,male,lina.ibrahim@hotmail.com,987654321.0,453.67,2/24/2024,Books,10.0,,male
CUST2927,Lina Hassan,200.0,F,lina.hassan@hotmail.com,,802.39,1/31/2023,Clothing,10.0,,F
CUST2928,John Mahmoud,200.0,Female,john.mahmoud@gmail.com,987654321.0,867.51,32/13/2020,,4.0,,Female
CUST2929,Sara Smith,,Female,sara.smith@gmail.com,123456789.0,414.03,12/4/2022,Clothing,2.0,,Female
CUST2930,Lina Ali,,Female,lina.ali@gmail.com,123456789.0,116.41,12/29/2022,Home,10.0,,Female
CUST2931,Lina Hassan,200.0,female,lina.hassan@gmail.com,,808.92,12/7/2022,Electronics,10.0,,female
CUST2932,Ahmed Smith,-1.0,Female,ahmed.smith@gmail.com,123456789.0,236.65,1/23/2023,Electronics,4.0,,Female
CUST2933,John Ali,,M,john.ali@yahoo.com,123456789.0,554.15,9/30/2023,Home,,,M
CUST2934,Alaa Smith,200.0,female,alaa.smith@hotmail.com,,359.98,32/13/2020,,10.0,,female
CUST2935,Lina Gaber,79.0,Male,lina.gaber@gmail.com,123456789.0,958.57,12/2/2022,,3.0,,Male
CUST2936,Ali Hassan,,M,ali.hassan@yahoo.com,987654321.0,582.79,6/8/2023,Books,4.0,,M
CUST2937,Alaa Smith,200.0,F,alaa.smith@yahoo.com,987654321.0,849.78,11/10/2024,Clothing,,,F
CUST2938,John Smith,56.0,Male,john.smith@hotmail.com,987654321.0,236.66,12/28/2023,Clothing,5.0,,Male
CUST2939,John Ibrahim,200.0,F,john.ibrahim@hotmail.com,987654321.0,204.53,3/3/2024,Home,,,F
CUST2940,Mark Smith,-1.0,male,mark.smith@hotmail.com,123456789.0,571.77,1/27/2024,Home,3.0,,male
CUST2941,Sara Hassan,85.0,Female,sara.hassan@yahoo.com,987654321.0,761.52,6/1/2023,,10.0,,Female
CUST2942,Lina Ibrahim,-1.0,M,lina.ibrahim@yahoo.com,,105.93,10/5/2024,,4.0,,M
CUST2943,John Ibrahim,200.0,M,john.ibrahim@hotmail.com,,543.14,12/9/2024,Clothing,4.0,,M
CUST2944,Alaa Hassan,46.0,M,alaa.hassan@gmail.com,,532.41,1/20/2025,Books,1.0,,M
CUST2945,Lina Ali,-1.0,Male,lina.ali@gmail.com,,908.96,4/19/2024,Electronics,,,Male
CUST2946,Alaa Gaber,200.0,,alaa.gaber@yahoo.com,,933.23,4/12/2025,Electronics,3.0,,
CUST2947,Alaa Ibrahim,-1.0,female,alaa.ibrahim@gmail.com,123456789.0,277.91,7/2/2023,Toys,,,female
CUST2948,Lina Smith,63.0,female,lina.smith@gmail.com,987654321.0,417.58,3/21/2023,Clothing,10.0,,female
CUST2949,Fatma Mahmoud,63.0,F,fatma.mahmoud@yahoo.com,,999.3,4/10/2024,Clothing,3.0,,F
CUST2950,John Gaber,200.0,male,john.gaber@yahoo.com,,633.57,6/23/2024,Electronics,3.0,,male
CUST2951,Fatma Mahmoud,84.0,Female,fatma.mahmoud@hotmail.com,,284.31,6/10/2025,,10.0,,Female
CUST2952,Mark Ali,-1.0,Male,mark.ali@hotmail.com,987654321.0,222.16,7/9/2023,Home,10.0,,Male
CUST2953,Mark Hassan,69.0,female,mark.hassan@gmail.com,,324.61,8/15/2024,Home,3.0,,female
CUST2954,Alaa Smith,,F,alaa.smith@hotmail.com,,26.87,6/13/2024,Clothing,2.0,,F
CUST2955,Mark Ali,200.0,female,mark.ali@hotmail.com,123456789.0,810.9,32/13/2020,Clothing,5.0,,female
CUST2956,Lina Ibrahim,,M,lina.ibrahim@yahoo.com,123456789.0,96.87,11/27/2022,Home,1.0,,M
CUST2957,Fatma Mahmoud,200.0,Male,fatma.mahmoud@gmail.com,123456789.0,,7/2/2024,Electronics,2.0,,Male
CUST2958,Ahmed Mahmoud,76.0,M,ahmed.mahmoud@gmail.com,123456789.0,923.71,12/26/2023,Toys,3.0,,M
CUST2959,Mark Mahmoud,,female,mark.mahmoud@hotmail.com,123456789.0,801.99,2/10/2025,Books,3.0,,female
CUST2960,Lina Hassan,-1.0,M,lina.hassan@yahoo.com,,969.58,11/9/2022,Clothing,1.0,,M
CUST2961,Mark Mahmoud,-1.0,male,mark.mahmoud@yahoo.com,,998.59,4/25/2025,Electronics,2.0,,male
CUST2962,Alaa Ibrahim,200.0,,alaa.ibrahim@yahoo.com,,595.46,5/10/2025,Books,10.0,,
CUST2963,Fatma Mahmoud,200.0,Female,fatma.mahmoud@hotmail.com,,189.71,11/19/2024,Toys,,,Female
CUST2964,John Smith,,,john.smith@hotmail.com,123456789.0,911.54,1/14/2025,Electronics,4.0,,
CUST2965,Sara Mahmoud,42.0,male,sara.mahmoud@hotmail.com,,288.5,3/17/2023,Toys,3.0,,male
CUST2966,Mark Gaber,,F,mark.gaber@hotmail.com,,458.46,7/14/2024,Home,2.0,,F
CUST2967,Ahmed Gaber,54.0,M,ahmed.gaber@yahoo.com,987654321.0,300.59,11/15/2024,Home,3.0,,M
CUST2968,Ahmed Ibrahim,-1.0,F,ahmed.ibrahim@gmail.com,123456789.0,753.32,11/26/2022,Toys,2.0,,F
CUST2969,Fatma Gaber,-1.0,female,fatma.gaber@hotmail.com,,412.71,4/13/2023,,3.0,,female
CUST2970,Ahmed Gaber,200.0,,ahmed.gaber@gmail.com,,637.62,4/24/2024,,4.0,,
CUST2971,Alaa Smith,200.0,female,alaa.smith@hotmail.com,,358.56,4/16/2024,Electronics,2.0,,female
CUST2972,Alaa Smith,200.0,M,alaa.smith@yahoo.com,123456789.0,542.97,12/25/2024,Books,3.0,,M
CUST2973,Alaa Ibrahim,-1.0,M,alaa.ibrahim@yahoo.com,987654321.0,237.42,5/25/2023,Electronics,5.0,,M
CUST2974,Mark Mahmoud,,male,mark.mahmoud@yahoo.com,,,11/2/2024,,4.0,,male
CUST2975,Ahmed Smith,200.0,female,ahmed.smith@gmail.com,123456789.0,736.85,7/17/2025,Home,5.0,,female
CUST2976,Fatma Ali,,Male,fatma.ali@yahoo.com,987654321.0,571.71,11/30/2024,,,,Male
CUST2977,Alaa Ali,23.0,M,alaa.ali@yahoo.com,987654321.0,807.27,5/6/2023,Electronics,10.0,,M
CUST2978,Alaa Ibrahim,34.0,Female,alaa.ibrahim@yahoo.com,,751.31,11/8/2023,Home,,,Female
CUST2979,Fatma Smith,200.0,M,fatma.smith@gmail.com,987654321.0,565.84,5/18/2024,Books,3.0,,M
CUST2980,Ali Mahmoud,200.0,Female,ali.mahmoud@hotmail.com,123456789.0,706.1,12/15/2024,Electronics,4.0,,Female
CUST2981,Alaa Ali,-1.0,female,alaa.ali@yahoo.com,,415.26,5/3/2024,Clothing,3.0,,female
CUST2982,Mark Gaber,16.0,F,mark.gaber@gmail.com,987654321.0,983.11,6/20/2023,Electronics,5.0,,F
CUST2983,Fatma Ali,,F,fatma.ali@yahoo.com,987654321.0,,5/19/2024,Toys,2.0,,F
CUST2984,Mark Smith,-1.0,female,mark.smith@hotmail.com,,,11/2/2024,,4.0,,female
CUST2985,Alaa Mahmoud,200.0,Male,alaa.mahmoud@yahoo.com,,989.28,2/4/2025,Home,10.0,,Male
CUST2986,Lina Smith,-1.0,F,lina.smith@yahoo.com,123456789.0,314.42,2/18/2023,Clothing,10.0,,F
CUST2987,Ali Mahmoud,,male,ali.mahmoud@hotmail.com,123456789.0,446.94,4/8/2023,,10.0,,male
CUST2988,Ahmed Mahmoud,200.0,male,ahmed.mahmoud@yahoo.com,987654321.0,323.15,32/13/2020,Toys,5.0,,male
CUST2989,Sara Ibrahim,,M,sara.ibrahim@yahoo.com,,911.77,11/23/2024,Electronics,1.0,,M
CUST2990,Ahmed Ali,71.0,female,ahmed.ali@hotmail.com,,810.23,8/29/2024,Electronics,5.0,,female
CUST2991,Sara Ali,200.0,female,sara.ali@gmail.com,,487.95,2/22/2025,Toys,1.0,,female
CUST2992,Ali Ibrahim,31.0,male,ali.ibrahim@gmail.com,,598.43,2/26/2023,,3.0,,male
CUST2993,Sara Ali,-1.0,F,sara.ali@hotmail.com,,547.81,4/28/2023,Electronics,,,F
CUST2994,Ahmed Smith,200.0,F,ahmed.smith@gmail.com,,781.87,5/10/2024,Toys,3.0,,F
CUST2995,Alaa Mahmoud,200.0,F,alaa.mahmoud@gmail.com,,719.84,9/29/2024,Toys,3.0,,F
CUST2996,Lina Ali,36.0,female,lina.ali@hotmail.com,123456789.0,,3/15/2024,,,,female
CUST2997,Lina Smith,-1.0,,lina.smith@gmail.com,,302.3,10/21/2023,,10.0,,
CUST2998,Ali Mahmoud,200.0,M,ali.mahmoud@hotmail.com,987654321.0,222.24,12/28/2023,,2.0,,M
CUST2999,Mark Ali,89.0,,mark.ali@gmail.com,987654321.0,258.13,2/27/2023,Electronics,3.0,,
CUST3000,Lina Smith,56.0,M,lina.smith@hotmail.com,,177.02,3/20/2025,Electronics,10.0,,M
CUST3001,Alaa Smith,56.0,Female,alaa.smith@hotmail.com,987654321.0,569.69,6/15/2023,,,,Female
CUST3002,Ahmed Mahmoud,,F,ahmed.mahmoud@yahoo.com,987654321.0,687.93,1/26/2023,Books,3.0,,F
CUST3003,Ahmed Mahmoud,-1.0,Female,ahmed.mahmoud@gmail.com,,829.57,3/17/2023,,10.0,,Female
CUST3004,John Ibrahim,-1.0,Male,john.ibrahim@hotmail.com,123456789.0,185.43,3/15/2023,Electronics,3.0,,Male
CUST3005,John Gaber,,F,john.gaber@hotmail.com,987654321.0,745.31,3/28/2023,Books,10.0,,F
CUST3006,John Ibrahim,200.0,Female,john.ibrahim@hotmail.com,,607.52,2/9/2024,Toys,,,Female
CUST3007,Mark Mahmoud,200.0,female,mark.mahmoud@hotmail.com,123456789.0,701.88,12/29/2024,Toys,4.0,,female
CUST3008,Sara Hassan,70.0,M,sara.hassan@gmail.com,,440.04,10/29/2024,Electronics,2.0,,M
CUST3009,Fatma Ali,200.0,female,fatma.ali@gmail.com,987654321.0,851.1,8/18/2023,,,,female
CUST3010,Mark Gaber,-1.0,M,mark.gaber@gmail.com,,221.8,7/20/2024,Electronics,3.0,,M
CUST3011,Fatma Smith,,Female,fatma.smith@hotmail.com,,977.35,2/5/2023,Electronics,2.0,,Female
CUST3012,Alaa Gaber,34.0,female,alaa.gaber@gmail.com,123456789.0,450.21,1/4/2025,,10.0,,female
CUST3013,Ahmed Ibrahim,63.0,F,ahmed.ibrahim@hotmail.com,,69.1,2/20/2024,Home,3.0,,F
CUST3014,Fatma Ali,78.0,F,fatma.ali@yahoo.com,,854.13,9/2/2024,Books,1.0,,F
CUST3015,Alaa Smith,-1.0,M,alaa.smith@yahoo.com,123456789.0,448.79,3/19/2023,Books,3.0,,M
CUST3016,Alaa Smith,-1.0,M,alaa.smith@hotmail.com,987654321.0,460.27,1/8/2024,Home,10.0,,M
CUST3017,Alaa Smith,-1.0,M,alaa.smith@hotmail.com,123456789.0,102.57,7/15/2024,Electronics,4.0,,M
CUST3018,Mark Hassan,200.0,female,mark.hassan@gmail.com,,815.57,3/28/2023,Electronics,3.0,,female
CUST3019,Alaa Smith,-1.0,,alaa.smith@hotmail.com,,727.02,10/22/2024,Home,4.0,,
CUST3020,Sara Hassan,,F,sara.hassan@yahoo.com,,587.34,10/8/2023,,5.0,,F
CUST3021,Sara Smith,-1.0,,sara.smith@hotmail.com,,944.81,5/21/2025,,2.0,,
CUST3022,Lina Smith,,male,lina.smith@gmail.com,987654321.0,393.82,10/2/2023,Books,4.0,,male
CUST3023,Lina Gaber,-1.0,,lina.gaber@gmail.com,,25.39,4/22/2023,Electronics,,,
CUST3024,John Gaber,200.0,Female,john.gaber@hotmail.com,,650.11,3/7/2025,,10.0,,Female
CUST3025,Lina Ibrahim,29.0,female,lina.ibrahim@gmail.com,,482.39,6/6/2023,Clothing,3.0,,female
CUST3026,Alaa Ali,200.0,male,alaa.ali@yahoo.com,,,11/13/2024,Clothing,3.0,,male
CUST3027,Fatma Mahmoud,22.0,male,fatma.mahmoud@hotmail.com,123456789.0,305.81,6/3/2025,Home,3.0,,male
CUST3028,Ahmed Hassan,-1.0,female,ahmed.hassan@gmail.com,987654321.0,236.57,32/13/2020,Home,4.0,,female
CUST3029,Mark Mahmoud,-1.0,Female,mark.mahmoud@hotmail.com,,242.49,1/27/2025,,4.0,,Female
CUST3030,Mark Mahmoud,,Male,mark.mahmoud@yahoo.com,123456789.0,163.72,11/15/2024,Electronics,1.0,,Male
CUST3031,John Mahmoud,,M,john.mahmoud@yahoo.com,,361.77,11/10/2024,,10.0,,M
CUST3032,Sara Smith,85.0,male,sara.smith@gmail.com,987654321.0,450.64,4/22/2023,Books,3.0,,male
CUST3033,Ali Ali,200.0,F,ali.ali@gmail.com,123456789.0,796.02,7/16/2023,Clothing,10.0,,F
CUST3034,Sara Gaber,-1.0,,sara.gaber@hotmail.com,,719.78,6/16/2024,Toys,2.0,,
CUST3035,John Hassan,61.0,male,john.hassan@yahoo.com,123456789.0,221.93,9/4/2024,,3.0,,male
CUST3036,Sara Mahmoud,52.0,Male,sara.mahmoud@hotmail.com,123456789.0,422.83,5/6/2023,Books,5.0,,Male
CUST3037,Ali Gaber,60.0,Female,ali.gaber@yahoo.com,,544.65,32/13/2020,,3.0,,Female
CUST3038,Ahmed Hassan,49.0,Male,ahmed.hassan@gmail.com,123456789.0,851.93,3/10/2024,Home,3.0,,Male
CUST3039,Lina Mahmoud,64.0,,lina.mahmoud@hotmail.com,987654321.0,209.29,3/15/2023,Toys,2.0,,
CUST3040,John Hassan,,Male,john.hassan@hotmail.com,,406.37,3/21/2023,,1.0,,Male
CUST3041,Ali Smith,16.0,,ali.smith@hotmail.com,123456789.0,,1/30/2023,,10.0,,
CUST3042,Fatma Smith,,M,fatma.smith@gmail.com,,176.23,2/28/2025,Toys,5.0,,M
CUST3043,Lina Gaber,18.0,Male,lina.gaber@hotmail.com,,,1/1/2025,Clothing,4.0,,Male
CUST3044,Fatma Smith,-1.0,male,fatma.smith@yahoo.com,,318.59,6/5/2023,Home,5.0,,male
CUST3045,Ali Ali,46.0,,ali.ali@yahoo.com,,165.85,7/19/2025,,5.0,,
CUST3046,Alaa Ali,,male,alaa.ali@hotmail.com,,487.45,1/2/2023,Toys,1.0,,male
CUST3047,Lina Ibrahim,,M,lina.ibrahim@yahoo.com,987654321.0,174.37,1/15/2024,Toys,3.0,,M
CUST3048,Mark Ibrahim,200.0,female,mark.ibrahim@hotmail.com,,213.25,3/21/2024,Toys,5.0,,female
CUST3049,Ali Ali,-1.0,female,ali.ali@yahoo.com,123456789.0,628.68,4/2/2023,Electronics,3.0,,female
CUST3050,Mark Mahmoud,-1.0,,mark.mahmoud@gmail.com,987654321.0,283.45,5/28/2024,,3.0,,
CUST3051,John Hassan,,male,john.hassan@hotmail.com,987654321.0,159.92,5/18/2023,Home,1.0,,male
CUST3052,Ahmed Smith,-1.0,male,ahmed.smith@gmail.com,987654321.0,596.51,8/23/2024,,10.0,,male
CUST3053,Sara Hassan,200.0,M,sara.hassan@hotmail.com,123456789.0,871.52,8/3/2024,,2.0,,M
CUST3054,Lina Hassan,71.0,Female,lina.hassan@gmail.com,,373.4,3/18/2023,Toys,3.0,,Female
CUST3055,Ali Smith,200.0,M,ali.smith@yahoo.com,987654321.0,108.74,32/13/2020,Toys,,,M
CUST3056,Mark Mahmoud,-1.0,M,mark.mahmoud@yahoo.com,987654321.0,199.47,5/21/2024,Toys,3.0,,M
CUST3057,Ahmed Ali,200.0,female,ahmed.ali@hotmail.com,987654321.0,500.33,7/12/2024,Clothing,10.0,,female
CUST3058,Lina Hassan,200.0,M,lina.hassan@yahoo.com,,618.11,7/18/2024,Electronics,3.0,,M
CUST3059,John Smith,,,john.smith@hotmail.com,123456789.0,787.93,5/12/2023,Home,1.0,,
CUST3060,John Hassan,-1.0,,john.hassan@yahoo.com,,476.85,11/4/2022,Home,2.0,,
CUST3061,Fatma Mahmoud,200.0,Male,fatma.mahmoud@gmail.com,987654321.0,862.24,1/25/2023,Home,,,Male
CUST3062,Alaa Smith,,,alaa.smith@yahoo.com,,814.25,11/16/2024,Clothing,10.0,,
CUST3063,Sara Smith,50.0,Male,sara.smith@gmail.com,,706.59,3/3/2023,Books,,,Male
CUST3064,Fatma Gaber,-1.0,female,fatma.gaber@gmail.com,,263.68,11/2/2023,,,,female
CUST3065,Lina Smith,-1.0,F,lina.smith@yahoo.com,987654321.0,375.5,3/11/2024,Electronics,2.0,,F
CUST3066,Lina Hassan,-1.0,male,lina.hassan@hotmail.com,987654321.0,924.4,11/26/2022,,4.0,,male
CUST3067,John Ibrahim,,male,john.ibrahim@gmail.com,,816.13,1/26/2025,,2.0,,male
CUST3068,Fatma Hassan,,Male,fatma.hassan@hotmail.com,,40.1,32/13/2020,Books,2.0,,Male
CUST3069,Ali Ali,,,ali.ali@hotmail.com,,439.99,7/21/2025,,5.0,,
CUST3070,Ahmed Gaber,-1.0,female,ahmed.gaber@hotmail.com,,558.31,3/4/2025,Toys,10.0,,female
CUST3071,John Gaber,-1.0,Female,john.gaber@yahoo.com,,587.45,3/7/2024,Electronics,4.0,,Female
CUST3072,Mark Gaber,-1.0,male,mark.gaber@gmail.com,,706.57,6/13/2025,,5.0,,male
CUST3073,Mark Hassan,200.0,Male,mark.hassan@gmail.com,,120.59,12/1/2022,,2.0,,Male
CUST3074,Sara Hassan,-1.0,female,sara.hassan@gmail.com,987654321.0,976.2,8/31/2024,Home,1.0,,female
CUST3075,Ali Hassan,200.0,Female,ali.hassan@gmail.com,987654321.0,473.94,10/2/2023,Books,4.0,,Female
CUST3076,Fatma Hassan,,Male,fatma.hassan@gmail.com,987654321.0,458.91,32/13/2020,Home,2.0,,Male
CUST3077,John Mahmoud,70.0,F,john.mahmoud@gmail.com,,633.02,12/10/2023,Electronics,3.0,,F
CUST3078,Lina Hassan,78.0,Female,lina.hassan@gmail.com,987654321.0,,10/29/2023,Toys,2.0,,Female
CUST3079,Alaa Mahmoud,200.0,,alaa.mahmoud@yahoo.com,,225.52,3/27/2025,Home,3.0,,
CUST3080,Fatma Smith,200.0,Female,fatma.smith@gmail.com,987654321.0,489.29,10/28/2024,,5.0,,Female
CUST3081,Alaa Ali,53.0,Female,alaa.ali@yahoo.com,,623.17,4/8/2024,,2.0,,Female
CUST3082,Ali Ali,200.0,female,ali.ali@hotmail.com,,,5/19/2025,,4.0,,female
CUST3083,Ali Smith,,male,ali.smith@yahoo.com,987654321.0,139.97,2/16/2024,Books,3.0,,male
CUST3084,Lina Hassan,,Male,lina.hassan@hotmail.com,987654321.0,425.21,6/20/2023,Home,4.0,,Male
CUST3085,Sara Hassan,,female,sara.hassan@yahoo.com,123456789.0,833.33,8/8/2024,,10.0,,female
CUST3086,Alaa Hassan,-1.0,Male,alaa.hassan@yahoo.com,123456789.0,778.81,7/19/2024,,3.0,,Male
CUST3087,Ali Smith,-1.0,,ali.smith@gmail.com,987654321.0,970.95,6/12/2023,,3.0,,
CUST3088,John Hassan,200.0,Female,john.hassan@gmail.com,,680.25,3/23/2023,Electronics,10.0,,Female
CUST3089,Sara Mahmoud,-1.0,F,sara.mahmoud@yahoo.com,,633.44,2/18/2023,Clothing,10.0,,F
CUST3090,Alaa Smith,-1.0,male,alaa.smith@hotmail.com,987654321.0,615.98,8/1/2023,,2.0,,male
CUST3091,Sara Ibrahim,,,sara.ibrahim@gmail.com,123456789.0,93.18,32/13/2020,Clothing,,,
CUST3092,Lina Mahmoud,200.0,male,lina.mahmoud@gmail.com,123456789.0,635.34,11/6/2023,Electronics,10.0,,male
CUST3093,Ali Gaber,200.0,female,ali.gaber@gmail.com,,,2/2/2023,Books,10.0,,female
CUST3094,Mark Smith,28.0,M,mark.smith@hotmail.com,,73.56,6/12/2025,Electronics,2.0,,M
CUST3095,Alaa Ali,36.0,Male,alaa.ali@hotmail.com,987654321.0,708.91,6/6/2025,,4.0,,Male
CUST3096,Lina Gaber,200.0,Female,lina.gaber@yahoo.com,,70.47,8/6/2023,Toys,4.0,,Female
CUST3097,Ali Ibrahim,,female,ali.ibrahim@hotmail.com,987654321.0,804.19,11/2/2023,Clothing,4.0,,female
CUST3098,Mark Mahmoud,200.0,female,mark.mahmoud@hotmail.com,123456789.0,328.31,3/24/2023,,1.0,,female
CUST3099,Lina Hassan,200.0,male,lina.hassan@gmail.com,987654321.0,253.78,1/18/2023,Books,,,male
CUST2034,Ali Mahmoud,-1.0,male,ali.mahmoud@hotmail.com,987654321.0,335.36,7/17/2024,,3.0,,male
CUST2176,Ali Ibrahim,200.0,F,ali.ibrahim@gmail.com,123456789.0,36.36,12/15/2023,,1.0,,F
CUST1067,Sara Gaber,,,sara.gaber@yahoo.com,123456789.0,85.14,32/13/2020,Clothing,,,
CUST2330,John Gaber,200.0,M,john.gaber@gmail.com,,37.03,3/26/2025,,3.0,,M
CUST1650,Lina Ibrahim,200.0,M,lina.ibrahim@hotmail.com,987654321.0,304.37,5/26/2023,,5.0,,M
CUST2868,Sara Mahmoud,-1.0,male,sara.mahmoud@gmail.com,,743.05,9/8/2024,Clothing,2.0,,male
CUST1986,Sara Ali,90.0,female,sara.ali@hotmail.com,,558.91,7/7/2023,Home,5.0,,female
CUST1552,Fatma Gaber,,female,fatma.gaber@yahoo.com,987654321.0,432.89,2/17/2023,Electronics,2.0,,female
CUST2427,Fatma Mahmoud,200.0,Male,fatma.mahmoud@gmail.com,,913.58,10/18/2024,,,,Male
CUST2668,Mark Hassan,,M,mark.hassan@yahoo.com,,,32/13/2020,Toys,4.0,,M
CUST2574,Sara Mahmoud,44.0,female,sara.mahmoud@yahoo.com,123456789.0,790.69,10/21/2024,Toys,3.0,,female
CUST2317,Fatma Hassan,200.0,F,fatma.hassan@yahoo.com,,,3/16/2024,Clothing,3.0,,F
CUST1494,Ahmed Hassan,,female,ahmed.hassan@hotmail.com,123456789.0,778.69,4/8/2023,,4.0,,female
CUST2978,Alaa Ibrahim,34.0,Female,alaa.ibrahim@yahoo.com,,751.31,11/8/2023,Home,,,Female
CUST2760,Fatma Smith,-1.0,Female,fatma.smith@hotmail.com,123456789.0,179.72,1/13/2025,Books,3.0,,Female
CUST1865,Lina Hassan,200.0,male,lina.hassan@hotmail.com,,130.88,6/16/2024,Home,5.0,,male
CUST1529,Sara Gaber,78.0,Female,sara.gaber@hotmail.com,987654321.0,880.22,8/21/2023,Books,4.0,,Female
CUST2501,Fatma Gaber,-1.0,,fatma.gaber@yahoo.com,,323.91,10/1/2023,Clothing,10.0,,
CUST1070,Mark Mahmoud,81.0,F,mark.mahmoud@gmail.com,,330.97,8/30/2024,Clothing,2.0,,F
CUST2848,Alaa Ali,47.0,M,alaa.ali@gmail.com,123456789.0,524.07,4/9/2023,Clothing,5.0,,M
CUST2448,Lina Hassan,35.0,F,lina.hassan@yahoo.com,123456789.0,539.08,5/8/2023,,2.0,,F
CUST1571,Alaa Ali,66.0,,alaa.ali@yahoo.com,,987.4,5/2/2025,Electronics,,,
CUST1420,Lina Gaber,50.0,Male,lina.gaber@gmail.com,,607.73,12/30/2023,Home,10.0,,Male
CUST1948,Ali Hassan,,Female,ali.hassan@yahoo.com,123456789.0,348.05,5/2/2024,Clothing,10.0,,Female
CUST2420,John Mahmoud,200.0,M,john.mahmoud@hotmail.com,987654321.0,865.23,32/13/2020,Toys,1.0,,M
CUST3007,Mark Mahmoud,200.0,female,mark.mahmoud@hotmail.com,123456789.0,701.88,12/29/2024,Toys,4.0,,female
CUST2193,Ali Hassan,,Male,ali.hassan@gmail.com,987654321.0,314.57,3/19/2024,Home,4.0,,Male
CUST2571,John Smith,-1.0,,john.smith@hotmail.com,987654321.0,595.21,10/2/2024,Electronics,1.0,,
CUST2192,Fatma Hassan,-1.0,female,fatma.hassan@yahoo.com,123456789.0,382.28,2/25/2024,,10.0,,female
CUST1583,Sara Hassan,200.0,F,sara.hassan@gmail.com,987654321.0,549.44,12/18/2023,Clothing,5.0,,F
CUST1051,Ali Smith,-1.0,M,ali.smith@yahoo.com,,968.44,7/1/2024,Home,2.0,,M
CUST2444,Ali Ali,,M,ali.ali@hotmail.com,,200.94,3/2/2023,,,,M
CUST2287,Fatma Mahmoud,-1.0,female,fatma.mahmoud@gmail.com,,704.74,32/13/2020,Toys,,,female
CUST2124,Fatma Ibrahim,-1.0,,fatma.ibrahim@gmail.com,987654321.0,,5/6/2025,Toys,5.0,,
CUST1029,John Mahmoud,67.0,F,john.mahmoud@hotmail.com,,387.63,2/28/2024,Books,4.0,,F
CUST2220,Fatma Mahmoud,37.0,,fatma.mahmoud@yahoo.com,987654321.0,92.52,6/24/2024,Home,3.0,,
CUST1479,Lina Gaber,,F,lina.gaber@gmail.com,987654321.0,,10/11/2024,Books,10.0,,F
CUST2374,Ali Smith,200.0,Male,ali.smith@yahoo.com,123456789.0,272.72,5/14/2023,Electronics,3.0,,Male
CUST2087,Lina Ibrahim,,F,lina.ibrahim@gmail.com,,384.38,8/7/2024,Books,5.0,,F
CUST1231,Ahmed Smith,,female,ahmed.smith@yahoo.com,,610.21,3/23/2023,,10.0,,female
CUST2259,Mark Smith,-1.0,M,mark.smith@yahoo.com,987654321.0,653.34,2/12/2023,Home,4.0,,M
CUST1212,Sara Ibrahim,200.0,M,sara.ibrahim@hotmail.com,987654321.0,859.82,6/22/2025,Toys,5.0,,M
CUST1307,Fatma Hassan,,F,fatma.hassan@gmail.com,987654321.0,137.52,7/17/2024,Home,5.0,,F
CUST1727,Mark Mahmoud,,female,mark.mahmoud@yahoo.com,,860.56,5/17/2023,,10.0,,female
CUST2362,John Mahmoud,200.0,female,john.mahmoud@hotmail.com,123456789.0,297.31,1/6/2025,Home,2.0,,female
CUST1447,Mark Mahmoud,66.0,male,mark.mahmoud@hotmail.com,987654321.0,462.47,8/4/2023,Toys,5.0,,male
CUST1381,Fatma Hassan,,M,fatma.hassan@yahoo.com,,237.62,1/28/2024,Toys,5.0,,M
CUST2338,Ali Gaber,-1.0,M,ali.gaber@gmail.com,,174.72,9/29/2024,Books,,,M
CUST1694,John Ali,200.0,Female,john.ali@yahoo.com,987654321.0,250.47,2/5/2024,,5.0,,Female
CUST1567,Ahmed Hassan,,male,ahmed.hassan@yahoo.com,123456789.0,891.41,10/13/2023,Clothing,3.0,,male
